3428,22.4,17,051
4906,24.1,17,107
4519,26.4,17,165
83348,18.2,17,097
2718,27.1,17,127
1597,18.8,17,017
5211,20.8,18,069
3560,21.4,18,181
2531,18.4,18,075
5657,18.3,18,145
3089,20.7,18,153
21125,20.0,18,157
33189,15.8,18,057
9883,17.7,18,005
3286,23.7,18,049
5924,18.8,18,113
18498,22.9,18,019
22055,20.2,18,063
9115,20.7,18,053
6203,20.7,18,071
3185,21.3,18,119
4657,19.9,18,183
3915,18.5,18,023
999,19.8,18,161
6497,19.0,18,029
6265,19.5,18,093
2622,19.3,18,123
3971,22.1,18,129
3095,22.1,18,015
2462,21.4,18,045
3523,22.3,18,149
4842,21.3,18,055
3711,20.9,19,011
12668,19.5,19,061
1150,23.6,19,151
1196,23.8,19,177
615,23.1,19,003
940,23.3,19,009
1035,18.5,19,051
1032,21.5,19,093
1243,23.1,19,135
3710,17.9,19,167
1657,23.7,19,025
7112,23.3,19,033
2793,23.0,19,083
1386,23.3,19,117
1436,23.4,19,147
3213,23.5,19,087
5667,21.8,19,099
2444,20.3,19,157
2359,18.6,19,043
3094,18.8,19,017
1629,25.2,19,063
1426,18.6,19,081
2832,20.8,19,097
5670,23.4,19,111
7079,21.5,19,181
3035,20.3,19,123
2892,25.4,19,041
2253,19.1,19,055
1548,21.0,13,005
2109,16.5,13,025
1981,17.7,13,017
2770,18.8,13,033
11003,23.9,13,047
1475,28.8,13,053
3157,18.5,13,055
21985,22.0,13,073
3996,22.5,13,087
12447,19.2,13,115
25581,17.3,13,117
5810,19.2,13,137
3936,21.1,13,147
13960,20.5,13,185
2366,21.4,13,191
3572,24.1,13,199
3675,19.3,13,207
3103,19.8,13,237
3711,19.5,13,261
151,12.2,13,265
553,14.2,13,301
1472,29.4,20,193
831,19.0,19,185
24471,21.0,19,163
1163,28.4,20,181
1006,24.9,20,127
880,24.5,20,163
436,30.9,20,025
1066,27.6,20,077
4718,23.7,20,111
1352,27.3,20,145
396,31.7,20,033
456,23.7,20,063
5753,25.3,20,079
477,20.7,20,093
4651,23.9,20,113
1469,18.8,05,041
2631,29.7,05,049
2091,23.8,05,061
19838,27.8,05,051
5848,21.5,05,093
8324,20.6,05,115
1274,21.3,05,117
5656,21.1,05,139
792,17.0,05,147
3731,20.0,05,023
1138,20.0,05,025
2568,21.0,05,067
2954,20.6,05,057
3051,24.6,05,135
2084,22.6,05,137
28967,20.5,05,143
8080,25.4,05,005
2882,20.9,05,003
14446,20.9,05,031
6356,21.1,05,055
1737,24.0,05,105
3473,21.3,05,111
2053,19.2,05,133
657,17.7,05,013
3179,24.1,05,019
2593,23.1,05,075
1019,20.3,05,095
2810,19.4,05,029
1391,24.3,05,101
2536,20.4,05,001
10781,22.3,05,085
4724,23.8,05,015
4599,25.7,05,123
61112,22.9,05,119
36611,22.8,06,047
4246,31.1,06,043
1764,26.2,06,049
168811,21.4,06,013
3278,24.8,06,027
85694,24.9,06,099
58185,21.2,06,083
13361,30.5,06,103
2784,28.0,06,051
10084,25.9,06,069
2264,26.0,13,079
5504,23.6,13,029
2941,17.3,13,035
8989,26.7,13,039
1362,20.0,13,099
5041,17.9,13,069
21706,22.7,13,077
4048,18.2,13,123
12877,21.1,13,297
1288,18.6,13,317
2834,19.1,13,091
8268,21.7,13,129
38697,23.3,13,057
14808,19.4,13,113
4628,23.9,13,177
5078,22.2,13,227
2407,18.7,13,133
2246,19.9,13,075
3727,21.3,13,085
111827,16.0,13,121
31769,22.4,15,001
138230,20.3,15,003
10064,19.7,15,007
14,22.6,15,005
3670,26.2,16,031
813,24.2,16,063
2583,30.3,16,085
2139,26.9,16,041
7645,27.3,16,069
32365,29.7,16,055
3187,24.6,16,067
14466,26.8,16,083
3189,20.1,16,013
1361,23.7,16,015
592,31.0,16,023
1929,19.8,16,047
74881,24.3,16,001
1036,26.1,16,007
7226,26.2,16,011
196,26.8,16,025
1999,29.5,16,035
3884,23.6,16,051
73456,28.7,41,039
1086,21.9,51,181
1864,18.0,51,043
4817,21.2,51,117
10376,18.8,51,015
3183,18.6,51,075
1982,20.7,51,113
13299,19.7,51,161
2842,23.1,51,025
1564,18.0,51,131
3102,18.2,51,163
727,26.5,51,720
2948,24.4,51,570
1054,21.3,51,021
5071,20.7,51,023
2628,21.7,51,520
1071,14.4,51,830
4300,19.3,51,035
92789,13.3,06,075
254816,24.8,06,067
36556,26.7,06,017
50415,18.3,06,053
501363,22.3,06,073
61027,22.5,06,107
25498,27.6,06,023
181,23.5,06,003
24001,24.6,06,039
38324,21.3,06,087
2875,29.2,06,105
386861,24.8,06,065
329045,24.4,06,071
32480,17.1,06,041
69524,25.7,06,061
40243,31.8,06,089
83235,27.4,06,095
2826,20.7,06,011
4069,21.5,28,029
37627,24.5,28,049
3870,20.3,28,145
2776,19.4,28,139
10330,22.1,28,035
5737,18.3,28,071
8275,21.1,28,087
862,13.8,28,157
1817,22.8,28,065
3257,17.7,28,123
3998,20.3,28,163
4341,21.1,28,011
5077,20.0,28,113
2573,21.3,28,131
1305,19.3,28,069
3599,20.6,28,133
4232,19.0,28,001
30201,25.8,28,033
62059,16.2,42,045
7807,14.1,42,111
1911,22.4,29,123
2828,20.6,29,217
2569,20.6,29,147
848,16.1,29,041
2106,22.1,29,223
5535,21.0,29,201
1671,20.7,29,011
2298,23.6,29,039
2263,21.2,29,073
2015,19.2,29,121
1457,19.4,29,149
2611,20.6,29,186
1920,20.0,29,067
3573,23.0,29,083
5840,22.9,29,109
7698,26.6,29,169
4391,23.9,29,215
5990,19.5,29,027
2512,20.6,29,053
928,20.7,29,075
23163,25.6,51,650
7480,18.8,51,191
3106,17.9,51,139
15653,13.1,51,510
13405,7.7,51,013
2769,16.9,51,027
20785,22.1,51,179
29041,18.4,51,760
1763,22.4,51,057
6115,20.1,51,185
1919,17.3,51,685
1607,19.1,51,183
4859,18.4,51,683
3577,20.9,51,775
1890,22.4,51,037
1838,20.9,51,081
50781,25.9,53,067
827,27.2,53,013
28290,22.5,47,165
1808,18.6,29,133
1543,22.5,29,153
1641,18.8,29,017
1758,24.4,47,169
839,15.0,47,027
42852,24.0,17,163
2226,22.5,17,139
2558,23.4,17,149
913,27.4,17,151
3204,20.6,17,173
23956,19.6,17,019
694,19.9,17,013
2185,23.5,17,053
73311,21.2,17,089
18204,23.0,17,093
1089,22.4,17,009
7021,26.8,17,121
1937,19.6,17,125
4513,22.9,17,075
2113,22.6,17,025
969,26.2,17,059
5502,22.8,17,133
2817,23.0,17,181
46623,24.0,17,201
1187,30.5,17,153
1170,22.5,17,169
2926,23.1,17,045
6864,19.6,17,007
5405,22.9,17,011
7955,24.1,17,029
3093,22.5,17,033
1086,25.7,17,155
2746,24.1,17,039
6579,26.3,17,103
7584,23.5,17,117
2426,22.1,17,159
2394,23.7,17,189
87072,21.5,41,067
8926,31.3,41,007
664,18.7,42,023
73234,16.4,42,017
42196,17.0,42,077
3247,12.3,42,031
4045,15.4,42,059
40599,17.9,42,079
6763,15.5,42,037
4016,12.9,42,065
4834,14.8,42,099
752,15.3,42,113
24314,20.1,44,003
15058,17.4,44,009
4344,16.7,45,071
4595,18.9,45,027
17351,24.7,45,085
2812,19.7,45,011
9409,20.4,45,031
39222,21.9,45,091
8692,22.5,45,021
3941,19.5,45,053
1956,16.0,45,061
3241,18.9,45,001
559,23.7,46,085
617,20.5,46,039
4347,24.2,06,021
43620,29.6,06,007
23260,25.0,06,031
4771,33.0,06,063
48332,25.6,06,079
141365,23.4,06,019
119987,22.3,06,029
432294,19.9,06,059
129975,22.8,06,111
11505,33.0,06,009
16176,25.8,06,101
92192,16.7,06,081
13018,31.5,06,109
106367,22.8,06,077
8946,29.5,06,005
527,18.8,08,095
2690,26.5,08,007
83799,16.5,08,031
249,25.0,08,061
1633,31.3,08,055
656,25.2,08,009
1403,28.5,08,047
1213,23.3,08,063
2054,19.4,08,051
193,27.7,08,079
1023,26.6,08,091
414,25.7,08,115
47401,24.1,08,123
1219,32.0,08,027
907,32.5,08,023
43912,19.8,08,035
1011,18.2,08,065
9758,24.5,08,067
1831,13.4,08,097
1855,24.2,08,105
828,18.3,08,011
791,20.4,08,025
122,25.2,08,111
46291,20.4,08,069
3400,22.4,08,075
1011,16.7,08,113
4462,23.8,08,119
4442,24.2,08,039
2881,27.4,08,071
656,15.9,08,073
3921,16.8,08,117
2419,25.1,08,003
5063,22.7,08,029
8651,23.4,08,043
7528,25.3,08,085
3840,20.9,08,087
1198,24.8,08,109
1981,25.5,08,099
8295,17.7,08,014
1078,31.8,08,121
2560,22.1,08,049
3061,25.2,08,089
32083,19.1,10,005
62030,12.6,11,001
101941,17.1,09,009
104376,16.7,09,003
140341,22.9,47,157
3555,18.3,47,077
8369,22.0,47,089
2193,20.4,47,153
3698,19.2,47,017
89720,18.9,47,037
1030,18.5,47,135
1824,20.7,47,121
2409,19.8,47,075
31910,25.8,47,125
1311,13.9,47,061
4038,15.7,47,029
2325,16.5,47,041
1965,23.2,47,101
3800,17.9,47,131
10262,25.0,47,167
5314,20.8,47,045
54598,21.5,47,065
2768,22.5,47,139
3839,20.4,47,185
23678,20.7,47,163
4218,18.9,36,095
7164,18.6,36,035
19278,17.3,36,083
6340,18.1,36,033
239160,14.5,36,081
7870,17.5,36,115
121880,9.8,36,061
10448,18.8,36,011
33580,16.5,36,087
29861,19.8,36,063
5282,18.4,36,031
139871,14.8,36,059
2934,22.2,36,097
6360,18.5,36,017
15407,21.5,36,045
179604,17.4,36,103
5290,18.2,36,121
14787,18.5,36,075
12196,19.1,36,117
22869,17.9,36,007
142,20.2,08,053
116190,18.0,36,029
9471,17.8,36,105
48339,19.9,36,071
10582,23.1,37,087
53146,21.1,37,067
3013,18.6,18,041
73848,22.5,18,089
5893,22.6,18,107
4073,19.2,18,001
3581,19.6,18,021
4272,14.9,18,037
2282,14.7,18,047
10299,20.0,18,059
13092,23.0,18,067
875,20.0,18,115
2777,23.1,18,121
3848,22.2,18,135
1349,23.1,18,007
2544,22.3,18,013
5278,21.3,18,133
3769,19.5,18,175
3082,15.0,18,027
7163,20.8,18,065
4821,19.7,18,083
19329,21.5,18,095
1693,19.4,18,125
1888,21.7,18,131
4824,20.3,18,151
17384,26.1,56,021
3262,18.8,56,039
4224,21.2,48,407
7138,25.6,48,459
6750,23.6,48,473
7406,22.4,48,493
3298,22.9,48,219
24735,23.5,48,329
4498,26.7,48,299
6350,26.2,48,147
23339,19.7,48,041
1576,13.9,48,165
3844,26.0,48,179
1298,21.4,48,237
3108,23.7,48,035
283452,22.7,48,029
546,21.5,48,023
120316,22.0,48,121
52590,23.6,48,167
159,28.4,48,393
3448,20.6,48,463
16274,25.7,48,037
101,21.4,48,263
1365,21.9,48,425
9217,24.1,48,199
2462,20.6,48,289
2399,24.4,48,351
1953,18.6,48,389
144980,17.2,48,453
409,20.8,48,087
5521,22.8,48,143
293,33.3,48,345
1735,28.2,48,083
8084,24.0,48,325
14377,25.1,48,213
8541,25.3,48,277
769,23.9,48,267
5153,21.9,48,477
1654,26.3,48,429
2063,19.3,48,003
2026,15.1,48,177
870,22.9,48,305
1253,15.6,48,505
11203,26.6,48,221
30,19.0,48,269
7815,23.0,48,073
855,23.7,48,119
3458,23.5,48,253
17250,21.2,09,015
39357,20.9,09,011
20155,16.9,09,007
140251,21.9,12,031
16740,17.4,09,013
91683,14.3,09,001
4150,23.2,12,133
4239,21.3,12,007
94827,21.8,12,009
34305,23.7,12,019
1204,20.3,12,067
58318,22.8,12,069
13158,21.5,12,089
161419,21.8,12,103
99464,20.9,12,105
48900,21.5,12,111
2085,20.4,12,043
4263,16.6,12,051
24194,20.4,12,061
7911,22.5,12,063
34513,19.9,12,109
63971,19.7,12,117
32260,25.1,12,005
19069,22.7,12,035
2483,20.8,12,045
1000,16.8,12,077
51159,22.0,12,097
11782,23.6,12,131
6789,21.1,12,039
1940,17.7,12,065
57587,21.9,12,083
2340,13.4,12,049
5591,19.3,12,093
168651,18.6,12,095
2250,18.3,12,041
6373,20.5,12,121
27815,17.2,12,001
2036,19.3,12,013
35790,24.0,12,015
2233,17.8,12,029
27665,22.6,12,085
66442,19.8,12,115
60159,21.0,12,081
26965,23.3,12,017
3949,20.7,12,003
29037,23.8,12,113
32702,19.0,12,073
266479,19.6,12,011
12921,21.7,12,087
33741,24.2,12,053
181017,18.6,12,057
2991,18.6,12,123
5918,25.4,12,129
2773,19.6,13,189
2899,22.6,13,211
1647,20.4,13,149
13321,23.2,13,095
4581,23.4,13,111
24867,24.7,13,153
5579,17.6,13,175
7701,17.3,13,255
1070,8.9,13,271
1190,20.2,18,171
2477,22.7,18,165
3991,21.0,18,179
52863,21.8,18,003
3207,18.0,18,031
15006,21.1,18,035
11293,21.2,18,043
4490,20.1,18,077
4161,21.9,18,079
20600,20.1,18,081
5520,22.1,18,103
10429,21.6,18,109
4741,20.8,18,051
2211,22.3,18,111
2495,18.4,18,117
35179,20.0,18,141
10442,19.8,18,085
5726,18.6,18,099
1450,20.0,18,155
25922,20.9,18,163
1599,18.8,18,009
3250,19.8,18,143
14679,17.4,18,105
25358,19.6,18,039
1307,17.7,18,025
5629,21.8,18,017
122414,19.5,18,097
9688,21.3,18,177
2366,23.0,19,023
1216,24.4,19,071
2129,20.2,19,079
924,21.7,19,173
2124,25.2,19,175
1267,24.0,19,195
747,21.7,19,159
1055,20.6,19,001
1472,17.8,19,037
1448,22.7,19,039
2848,22.3,19,059
15183,17.3,19,103
1469,20.5,19,107
2609,22.5,19,171
5445,22.7,19,179
1602,22.6,19,069
3007,21.9,19,027
2923,22.6,19,031
2160,19.9,19,067
1417,22.5,19,073
1518,19.7,19,115
1417,18.6,19,119
2798,19.4,37,015
4314,23.8,13,291
5498,22.9,37,017
13403,25.7,37,031
3687,22.4,37,117
2820,27.9,37,143
15353,23.5,37,157
1853,24.9,37,029
34407,22.7,37,071
14945,21.3,37,125
9995,23.2,37,167
2927,22.2,37,199
8694,16.7,37,037
29506,22.6,37,101
6091,21.7,37,145
4307,21.2,37,009
8573,21.6,37,107
28382,27.1,37,133
10698,22.3,37,161
6717,25.1,37,197
14321,22.0,37,023
1251,23.0,38,097
641,19.3,38,021
9666,22.2,38,101
1198,23.6,38,067
549,28.7,38,041
23071,20.6,38,017
544,22.3,38,029
2293,21.7,38,077
378,23.0,38,001
363,21.9,38,027
1455,24.3,38,057
935,24.5,38,073
595,25.3,38,085
327,25.4,38,033
421,26.0,38,095
469,27.2,38,023
642,22.8,38,081
3015,18.3,39,105
5291,19.7,39,021
23793,21.2,39,057
8043,19.0,39,087
1969,18.8,39,115
2620,17.2,39,175
11314,21.1,39,043
5886,18.9,39,091
78155,20.6,39,153
1769,29.9,16,059
4104,26.9,16,075
1620,25.0,16,009
9140,28.3,16,017
80,14.5,16,033
840,26.3,16,037
5278,31.5,16,039
2101,25.0,16,043
4445,27.2,16,065
2496,27.1,16,079
3107,25.7,16,049
2089,27.1,16,081
1271,25.6,16,077
1916,26.9,16,087
2903,22.4,17,067
46966,25.4,17,119
9107,26.9,17,063
17610,24.2,17,091
2843,25.5,17,131
114852,18.1,17,043
1063,23.6,17,003
2061,23.6,17,129
19291,25.0,17,099
666607,18.6,17,031
17499,24.1,17,115
8737,27.3,17,177
2546,22.1,17,191
5179,19.9,17,203
7866,28.6,17,055
3581,19.6,17,109
47497,22.8,17,111
167,20.6,20,071
3654,20.9,20,051
1833,26.8,20,107
2467,19.1,20,175
72186,18.1,20,091
5645,24.9,20,121
598,25.9,20,207
646,30.7,20,135
2617,27.5,20,011
388,24.0,20,097
27900,23.1,20,177
647,27.1,20,019
12092,28.1,20,155
1262,25.2,20,043
646,26.0,20,081
815,25.3,20,171
1695,25.9,20,013
861,23.1,20,147
579,27.0,20,039
2116,17.1,21,079
11914,18.7,21,037
924,16.7,21,063
2127,21.4,21,123
2849,18.9,21,167
2262,18.0,21,207
1122,13.7,21,229
5143,17.2,21,009
1204,20.7,21,091
18424,25.7,21,093
1506,23.3,21,149
1598,19.1,21,197
1815,20.3,21,033
8188,24.0,21,019
42652,20.5,21,067
3124,19.7,21,115
1656,16.8,21,175
9771,21.6,21,199
2140,16.2,21,001
1593,17.3,21,025
2150,17.1,21,099
882,14.7,21,223
538,16.4,21,105
1424,21.7,21,143
1609,17.0,21,135
3533,19.3,21,239
1019,13.9,21,131
1782,16.5,21,127
10631,23.1,21,145
483,19.5,46,025
642,18.0,46,015
685,23.2,46,053
25874,20.9,46,099
649,18.5,46,077
1216,17.5,46,027
684,22.0,46,041
2388,19.5,46,065
277,16.7,46,111
528,23.1,46,059
3231,20.4,46,135
2278,18.8,46,005
2882,21.3,46,035
255,17.0,46,073
470,21.7,46,117
379,22.9,46,107
1091,19.0,46,023
643,19.6,46,091
411,20.0,46,105
1646,18.8,21,153
4394,19.0,21,235
5284,20.6,21,071
23561,20.9,21,117
2722,19.1,21,205
3453,20.7,21,217
665,19.8,21,039
1591,15.7,21,065
19747,22.7,22,079
17758,20.7,22,105
1268,16.5,22,123
1043,15.5,22,021
863,17.7,22,035
3403,15.6,22,039
8564,28.3,22,087
3779,21.4,22,121
1018,17.6,22,081
4157,18.1,22,069
983,14.8,22,025
2056,15.2,22,041
2228,14.4,22,007
6279,15.7,22,113
2772,20.9,22,029
8304,19.4,23,017
21741,20.2,23,019
15312,20.5,23,001
35271,16.7,23,005
30451,20.3,23,031
7234,19.4,23,025
9001,22.9,24,047
5140,18.4,24,041
30907,18.6,25,001
17308,18.7,25,003
65002,18.1,25,023
67281,13.7,25,021
1306,15.9,25,019
17109,21.7,26,005
1448,20.7,26,003
4075,22.5,26,127
5931,26.4,26,035
8667,22.4,26,073
8734,23.0,26,157
5477,25.9,26,007
11597,19.9,26,111
1667,27.2,26,135
13365,24.8,26,037
7248,25.7,26,057
16355,23.9,26,091
11112,25.2,26,117
29065,25.8,26,147
40451,17.6,26,161
9125,24.8,26,027
5047,26.7,26,143
7495,24.7,26,023
28423,25.8,26,075
151155,24.6,26,099
1384,22.2,26,013
21086,27.5,26,045
3814,21.3,13,293
2694,18.9,13,303
4734,22.6,13,311
4123,23.3,13,225
25788,24.9,13,223
2451,18.9,13,229
2776,22.2,13,231
30012,22.7,13,245
1984,20.4,13,251
3278,18.3,13,267
2297,17.4,13,019
4635,22.1,17,135
9679,24.6,17,195
10911,23.7,17,001
5920,22.2,17,027
14800,24.1,17,037
1156,25.6,17,047
1275,19.0,17,079
6929,26.2,17,081
11578,21.9,17,183
96777,21.4,17,197
12480,26.2,17,199
2069,18.9,17,023
2885,22.0,17,041
4798,20.5,17,049
6430,25.3,17,057
2051,22.0,17,061
1430,24.7,17,065
699,23.4,17,069
7761,22.4,17,073
2343,25.4,17,087
8075,23.0,17,095
5564,21.9,17,105
707,19.9,17,171
22019,23.6,17,179
2579,23.0,17,187
5942,21.2,18,061
16396,21.2,18,091
4208,19.4,18,169
5070,22.5,18,073
1371,19.3,18,101
23830,20.6,18,127
3514,18.3,18,137
2592,18.0,18,147
1686,15.6,18,159
15665,22.6,18,167
8908,20.8,18,173
5897,20.4,18,033
3502,15.5,18,087
2327,20.2,18,139
7776,18.0,18,011
654,23.3,27,125
2773,24.0,26,053
3735,23.7,27,093
8171,19.5,27,131
8574,22.2,27,027
3252,22.5,27,045
4736,22.3,27,119
2318,22.5,27,143
1341,18.1,27,165
778,21.3,27,011
5472,25.7,27,021
3503,22.9,27,057
3192,22.7,27,091
2689,19.2,27,105
15330,24.9,27,141
11508,17.4,27,019
5823,23.5,27,085
67809,18.7,27,123
6961,22.2,27,169
2808,20.6,27,039
11839,25.8,27,035
19534,22.5,27,171
858,21.5,27,081
4327,24.3,27,095
6574,26.3,27,017
2934,25.6,27,065
14221,23.2,01,115
13063,22.6,01,043
16920,23.4,01,069
27003,20.9,01,125
8489,24.1,01,031
5038,16.8,01,021
1727,20.9,01,037
17890,24.8,01,055
2146,21.8,01,075
2262,16.4,01,013
10097,22.5,01,127
1405,24.3,01,063
1269,17.9,01,011
5296,22.3,01,017
540,29.2,02,100
6646,29.5,02,110
991,28.8,02,290
405,24.9,02,068
434,25.4,02,105
451,23.4,02,275
172601,25.1,04,019
12138,30.9,04,007
25213,28.8,04,003
12691,28.2,04,001
32837,24.8,04,027
21122,29.9,04,017
2297,21.8,05,021
2542,21.8,05,043
2909,23.8,05,121
7567,29.1,05,009
1888,18.3,05,079
7347,23.7,05,035
17481,23.0,05,045
1678,18.3,13,049
10612,21.9,13,295
110484,18.9,13,135
12127,23.4,13,013
933,21.1,13,065
16963,24.1,13,015
20199,21.8,13,097
3121,18.4,13,131
1141,17.3,13,141
12522,18.6,13,313
2305,24.2,13,193
10333,22.6,13,285
6476,27.1,13,145
994,29.3,13,249
2584,18.2,13,321
1839,18.5,13,093
1195,16.6,13,109
312,16.6,13,307
8622,21.9,13,103
450,22.0,13,125
336,19.1,13,239
48001,24.7,13,051
1000,14.3,13,167
1131,16.5,13,173
3616,17.9,13,195
3089,20.3,13,205
4495,17.4,13,277
5578,20.3,13,233
808,17.2,13,263
1551,25.9,13,273
6119,20.1,13,275
1064,17.0,13,319
1615,15.4,13,221
1021,21.8,13,243
4591,18.8,13,299
4063,20.3,13,305
1140,17.9,13,315
5565,19.8,13,009
10171,23.9,13,031
423,19.3,13,061
453,16.2,13,101
88590,17.4,13,089
4934,24.8,13,143
1776,16.7,13,163
1084,18.8,13,181
4739,17.9,13,213
1911,22.9,13,235
2673,21.1,13,241
1810,21.3,13,281
655,13.9,13,283
990,15.9,13,155
2344,19.1,13,001
6349,19.6,39,149
5818,22.7,39,171
14449,19.5,39,029
6030,21.0,39,051
3401,16.4,39,053
35097,21.4,39,099
10754,20.4,39,145
5048,20.9,39,117
3101,24.6,05,089
1239,21.4,05,129
34756,20.0,05,007
6455,26.6,05,059
1939,17.3,05,087
344,24.6,08,033
315,32.3,08,057
4608,24.8,08,083
32127,15.1,08,013
1625,24.5,08,125
3554,19.2,08,107
1571,21.3,08,019
30902,27.2,08,101
3787,26.8,08,093
27409,26.3,08,077
108713,24.0,08,041
89431,20.4,08,005
67553,17.6,10,003
26645,22.6,10,001
24673,18.3,09,005
201641,18.8,12,099
289122,15.1,12,086
1751,19.2,12,037
1647,15.9,12,047
24551,21.9,12,119
3057,21.7,12,059
112872,20.3,12,071
47858,17.0,12,021
82001,21.5,12,101
16911,21.4,12,055
3492,13.2,12,027
12023,24.8,12,023
10507,20.1,12,107
2388,21.3,12,125
6181,20.9,12,075
93113,23.4,12,127
2307,17.0,12,079
50677,24.0,12,033
35075,25.0,12,091
4321,21.2,13,187
901,21.9,13,201
3928,15.7,13,219
32468,22.3,13,151
3283,28.0,13,183
2775,15.9,13,257
2110,21.7,13,161
1051,22.3,13,037
22838,22.9,13,021
1289,21.3,13,197
1573,20.0,13,023
2739,17.7,13,119
2812,23.2,13,171
2542,17.1,13,107
2173,22.5,13,159
10435,29.4,13,179
1344,22.4,13,253
1130,18.3,13,289
1238,21.9,13,269
3359,19.1,13,279
6014,20.9,39,135
14529,21.0,39,003
5486,18.6,39,033
5077,18.6,39,059
4641,17.2,39,107
21004,22.8,39,023
49022,23.1,39,093
89895,24.7,39,113
25579,16.6,39,165
13444,19.6,39,007
7131,24.2,40,071
2307,22.9,40,035
23500,25.3,40,017
1475,21.0,40,077
2582,20.4,40,139
1640,20.8,40,127
1623,21.8,40,069
850,23.9,40,007
2080,22.4,40,063
21568,27.9,40,031
2595,18.1,40,001
6984,23.1,40,137
7335,22.8,40,019
1136,27.0,40,055
3036,21.0,40,091
2123,21.9,40,099
4890,23.9,40,115
13504,25.2,40,145
4516,23.1,40,015
9642,21.1,40,101
7941,25.6,40,013
42825,27.6,41,029
1499,27.1,41,023
73295,25.3,41,005
5675,28.8,41,057
20855,32.7,41,033
13334,26.4,41,059
10551,28.7,41,009
5137,28.1,41,065
2382,18.4,13,011
1175,19.5,13,209
12681,21.5,13,247
699,12.9,13,309
12152,17.1,13,059
14169,24.0,13,127
9141,19.9,13,157
4114,20.9,13,169
32704,25.7,13,215
769,15.7,13,259
1089,19.6,13,287
694,13.3,13,003
427,19.0,13,007
1494,20.8,13,043
17892,24.1,13,045
3421,22.6,13,081
96314,19.1,13,067
2072,18.6,13,083
2434,22.0,13,027
2526,18.9,13,105
1271,21.7,13,165
17757,25.6,13,217
4977,16.9,13,071
40816,23.2,13,063
26117,20.1,13,139
27584,23.4,15,009
865,31.6,16,071
2894,24.2,16,045
870,27.1,16,003
3099,21.5,16,053
841,31.0,16,061
1721,22.8,16,073
1835,22.5,16,021
1265,28.7,16,029
15667,28.9,16,005
17674,25.5,16,019
35063,26.2,16,027
5096,22.8,16,057
30923,22.6,17,167
5764,24.6,17,157
8562,24.1,17,141
5656,23.8,17,137
2361,23.8,17,193
1057,20.8,17,071
19674,18.8,17,113
3557,23.1,17,145
25147,25.4,17,161
1981,24.2,17,185
1559,20.5,17,035
3705,23.0,17,085
2505,21.1,17,101
2062,24.5,17,123
5083,21.5,17,021
8625,24.6,17,077
28375,23.1,17,143
2218,19.1,17,147
785,20.2,17,175
2578,22.0,17,005
2547,23.9,17,015
3075,20.2,17,083
29820,13.9,24,027
133433,21.7,24,033
75508,19.2,24,003
111297,19.3,24,005
32485,19.0,24,021
14620,23.4,24,009
3499,16.3,24,023
2459,17.6,24,029
95992,13.4,24,031
19210,31.1,02,090
1764,18.0,02,050
1489,22.9,02,185
1440,23.4,02,220
2834,29.4,02,130
19529,28.6,02,170
1303,23.6,02,180
665,23.0,02,070
129,29.2,02,282
220,24.0,02,164
1221,27.0,02,240
48733,25.4,02,020
657,25.1,02,013
1752,27.0,02,261
11212,27.6,02,122
260,30.0,02,230
1201,26.9,02,198
501,22.8,02,195
674,16.8,02,158
694273,24.1,04,013
7314,30.9,04,009
6254,21.3,04,023
4383,27.3,04,012
46648,29.5,04,015
19844,23.9,04,005
52115,29.7,04,025
1799,30.7,04,011
82696,27.6,04,021
1350,23.1,05,099
2405,20.9,05,037
1199,23.3,05,039
2798,19.1,05,027
19504,23.6,05,125
2580,21.1,05,141
2251,22.1,05,065
5846,23.3,05,063
3122,20.4,05,083
2737,21.5,05,053
2740,22.8,05,047
1819,24.2,05,109
10797,23.0,05,069
1526,22.8,05,097
1498,21.4,05,127
20411,24.0,05,131
9799,23.2,05,033
1609,21.6,05,017
3200,18.4,05,071
1267,18.8,05,077
4342,19.8,19,125
2881,19.4,19,183
2333,26.4,19,197
1896,20.3,19,029
1776,21.7,19,035
2266,20.4,19,047
6765,24.7,19,057
3108,22.6,19,065
2390,24.2,19,085
2434,23.1,19,109
2326,22.5,19,129
1693,26.7,19,133
5586,19.5,19,139
834,19.6,19,143
64942,20.4,19,153
5637,22.9,19,187
9099,17.9,19,169
14127,21.5,19,193
17359,20.7,19,013
1699,19.7,19,075
3135,21.4,19,105
1441,19.8,19,131
1656,23.7,19,137
1581,22.8,19,161
3946,23.5,19,149
2909,20.8,19,019
7261,22.2,19,045
929,19.2,19,053
3070,22.5,19,101
1804,18.7,19,005
32457,21.6,19,113
9634,16.9,19,049
1881,19.6,19,141
318,24.9,20,187
605,22.0,20,119
6155,28.0,20,125
1547,25.4,20,151
515,27.9,20,153
1269,24.3,20,003
1279,28.3,20,053
5649,30.9,20,061
4101,20.2,20,057
1415,28.1,20,167
1416,20.9,20,117
2432,28.4,20,001
457,23.9,20,023
6102,26.1,20,035
427,22.7,20,049
4204,24.6,20,059
379,28.9,20,083
553,25.1,20,089
1843,29.6,20,159
680,23.6,20,185
2613,23.8,20,139
1577,27.0,20,031
5738,24.7,20,037
1283,29.1,20,073
25692,24.1,24,017
22168,19.0,24,013
6717,19.1,24,035
13966,18.8,24,037
5104,22.1,24,019
21949,20.9,24,043
12985,20.1,24,045
15779,22.2,24,015
4028,17.9,24,011
74354,13.4,25,025
2533,19.8,25,007
138671,12.3,25,017
70561,18.0,25,005
59069,18.6,25,013
88031,16.2,25,009
9176,17.3,25,011
99561,17.5,25,027
14724,14.7,25,015
6945,26.7,26,033
25346,24.1,26,115
179980,20.4,26,125
7326,23.4,26,059
30438,25.7,26,121
3337,19.9,26,089
16200,25.9,26,087
6936,23.6,26,151
283,16.6,26,083
1094,22.5,26,131
37913,21.3,26,139
2093,24.6,26,001
10846,24.8,26,067
3065,24.1,26,079
25335,23.5,26,021
3982,25.4,26,129
5895,25.5,26,165
2775,26.5,26,039
4428,23.8,26,043
4887,21.2,26,063
41688,23.6,26,065
4839,23.1,26,105
3938,22.9,26,109
2301,22.0,26,113
9939,24.3,26,149
12370,23.9,26,159
2597,22.8,26,011
9913,23.4,26,015
1853,21.3,26,071
2893,21.8,26,019
1320,21.4,26,153
285031,24.1,26,163
16716,25.1,26,055
2043,24.4,26,097
74893,26.8,26,049
475,25.0,20,065
3872,28.0,20,099
80077,24.1,20,173
775,22.7,20,157
13617,19.5,20,045
445,24.5,20,179
836,22.1,20,069
1365,27.7,46,121
1949,26.8,46,102
3717,23.0,53,039
14888,28.2,53,027
967,29.3,53,069
13425,23.1,53,025
141195,25.5,53,061
2293,23.0,54,089
5238,20.2,54,025
3645,18.8,54,057
2017,17.4,54,041
849,13.1,54,075
3088,14.7,54,083
899,21.3,54,105
683,11.2,54,015
10644,16.2,54,061
1891,17.0,54,103
25578,19.3,54,039
4317,17.4,54,077
1027,14.3,54,085
2766,18.8,54,043
1441,13.8,54,007
2367,14.8,54,005
2543,16.5,54,109
5600,20.5,55,033
6321,19.9,55,043
16955,21.2,55,117
564,21.4,55,078
1696,17.8,55,011
16286,21.6,55,063
17526,18.7,55,073
3656,18.2,55,121
13473,21.3,55,027
4255,24.9,55,125
12111,21.3,55,071
2854,24.3,55,013
4503,20.9,55,029
15020,21.0,55,039
1084,20.7,55,091
2456,20.0,55,103
3766,20.6,55,137
2241,19.6,55,065
5729,21.7,55,093
6601,19.4,55,015
26629,23.6,55,059
1734,28.6,56,019
277,25.9,20,199
565,31.0,20,017
1044,29.7,20,189
627,23.2,20,183
1093,24.8,20,067
3871,22.2,26,009
3807,18.0,26,061
31897,24.0,26,093
4856,24.9,26,069
1980,21.6,26,085
4173,22.7,26,101
1217,18.4,20,131
2449,27.4,20,085
1476,28.4,20,095
580,30.3,20,109
3562,23.6,20,149
22055,21.1,20,209
3824,27.6,20,021
11540,26.3,20,015
1208,21.4,20,027
591,27.7,20,105
9613,25.9,20,169
3833,24.5,20,191
559,26.2,20,195
1253,26.5,20,197
1595,26.6,20,205
1075,25.9,20,123
654,25.8,20,141
2465,24.3,20,005
5030,23.4,20,055
252,15.1,20,075
12991,23.8,20,103
807,20.9,20,201
374,24.9,20,203
525,28.2,20,129
1015,25.4,20,137
4143,23.2,20,009
1409,23.5,20,029
652,30.9,20,047
299,28.0,20,101
593,27.1,20,165
2234,27.2,20,115
3032,28.1,20,133
1058,25.9,20,143
8807,23.3,20,161
933,29.0,20,007
3447,26.4,20,041
3223,24.3,20,087
6182,24.4,21,089
1703,17.3,21,069
3762,20.2,21,043
3027,18.8,21,081
118585,22.4,21,111
3226,17.5,21,141
2387,20.3,21,161
2028,20.1,21,191
268,17.8,21,201
2949,22.7,21,215
1141,13.9,21,011
1348,24.0,21,007
4238,21.2,21,021
1402,17.7,21,087
3376,18.1,21,095
1272,15.0,21,159
2791,16.5,21,137
1064,14.3,21,171
3287,20.1,21,183
2130,22.4,21,225
1461,16.2,21,233
5168,20.1,48,249
1071,23.7,48,111
38368,23.3,26,077
1527,20.7,26,119
2363,23.8,26,141
4666,24.8,26,051
5934,22.0,26,107
9759,21.9,26,103
7483,22.2,26,123
3492,21.4,26,133
4358,25.0,26,137
21950,24.1,26,025
4495,23.1,26,031
1230,25.7,26,095
93070,21.7,26,081
32747,24.8,26,145
12921,26.9,26,155
18781,25.2,26,017
4487,23.3,26,029
6879,26.0,26,041
6037,25.1,26,047
2698,28.8,27,071
5262,22.9,27,097
2195,22.5,27,113
5101,20.8,27,147
875,19.9,27,167
3014,24.4,27,001
2268,23.0,27,043
1335,22.4,27,101
6877,23.9,27,067
1751,21.6,27,075
1410,22.2,27,133
2757,26.5,27,135
602,23.9,27,155
5357,23.0,27,005
157902,18.3,27,053
4095,23.6,27,015
1931,23.4,27,023
1311,21.7,27,029
7309,22.4,27,049
7601,28.1,27,059
1705,23.9,27,063
5694,21.2,27,099
5250,24.6,27,115
18688,17.9,27,109
2268,24.5,27,159
6346,23.7,27,009
4989,22.9,27,047
8745,26.8,27,061
1840,22.9,27,121
1024,17.5,27,149
1463,22.0,27,151
1666,21.3,27,033
18327,19.6,27,139
3594,23.3,27,157
1321,21.3,27,117
1005,22.3,27,107
4666,21.1,27,103
94511,19.3,48,157
289,27.8,48,235
2185,16.4,48,489
1588,19.6,48,115
2658,21.1,48,051
55352,23.5,48,355
2063,23.6,48,379
579,25.7,48,385
175,22.6,48,431
997,24.2,48,065
3249,23.3,48,161
725,26.2,48,197
257,24.5,48,045
12959,23.9,48,291
29,40.8,48,301
3095,26.7,48,395
9022,24.5,48,401
2859,27.0,48,455
4393,26.0,48,019
1200,23.2,48,075
22617,22.9,48,091
3715,22.3,48,225
7752,24.3,48,349
2557,23.0,48,415
287,29.0,48,433
13878,25.0,48,021
5633,25.6,48,025
679,23.4,48,103
7982,18.7,50,021
3611,17.0,50,017
7187,17.3,50,027
80014,26.7,49,049
3405,28.9,49,013
5966,28.5,49,047
52792,26.2,49,011
2022,32.0,49,015
694,20.1,49,017
5899,22.4,51,093
1344,23.3,51,620
582,18.2,51,678
7931,21.0,51,089
3042,26.4,51,101
5455,20.8,51,109
2642,20.3,51,147
8692,15.8,51,165
5662,23.4,21,035
1760,16.0,21,045
10355,25.5,21,047
15378,22.7,21,059
3727,20.9,21,085
7371,23.1,21,101
2531,23.2,21,103
6461,20.4,21,107
1118,11.9,21,109
8349,20.0,21,125
5000,22.0,21,157
4358,22.6,21,163
4420,23.2,21,173
792,16.3,21,181
9978,22.9,21,185
5588,20.8,27,041
1002,23.7,27,051
730,23.7,27,069
4193,21.7,27,079
16131,20.7,21,227
1042,13.8,21,187
2216,18.7,21,203
8152,22.9,21,209
2722,18.9,21,003
3190,22.7,21,017
12649,22.6,21,029
1275,20.0,21,055
959,22.1,21,075
1864,17.6,21,119
728,15.5,21,165
3461,15.9,21,177
3800,20.3,21,193
994,19.2,21,237
2270,15.6,21,051
2784,14.7,21,013
937,19.2,21,057
5431,21.6,21,083
903,18.2,21,129
1280,14.2,21,031
1751,19.9,21,061
2567,19.8,21,097
1062,18.5,21,023
7548,24.4,21,179
2515,17.1,21,231
2007,15.6,21,155
2699,26.2,21,221
20995,24.5,21,015
6576,18.9,21,113
3513,16.7,21,121
2501,15.7,21,133
1512,22.5,21,139
7370,17.4,21,195
7414,22.9,21,211
3463,22.5,21,005
2705,19.3,21,027
7513,21.1,21,073
2239,18.5,21,147
11195,20.1,21,151
1228,17.5,21,169
379,12.3,21,189
2358,19.2,21,213
5773,22.8,21,049
1425,17.5,21,219
1643,22.9,21,041
1176,16.5,21,053
1179,20.2,21,077
2719,19.7,22,083
1635,23.9,27,173
791,23.6,27,087
9813,25.6,27,025
2495,23.9,27,127
3744,22.2,27,153
6628,23.2,27,007
8176,21.0,27,013
2871,21.5,27,055
1184,23.8,27,073
790,28.1,27,077
9368,22.6,27,111
2806,21.7,27,161
33903,24.9,27,137
54544,22.9,27,003
21851,22.3,27,145
58997,20.7,27,037
3527,21.5,27,083
1348,20.6,27,089
2607,25.5,27,129
34994,20.3,27,163
920,21.5,27,031
540,20.2,29,103
1549,18.9,29,139
4169,20.3,29,207
3218,18.3,29,007
48164,25.4,29,077
1533,22.0,29,185
658,21.9,29,197
7883,22.9,29,029
38506,24.9,29,099
1924,15.9,29,143
1350,18.5,29,173
2140,26.0,30,017
387,31.9,30,075
1898,29.5,30,085
427,24.6,30,051
1938,26.1,30,083
872,24.3,30,101
332,25.9,30,019
364,24.5,30,045
1659,24.0,30,023
318,25.9,30,055
1686,29.3,30,087
1380,21.8,30,021
1095,25.5,30,007
804,27.9,30,071
87,24.1,31,009
395,29.2,31,049
173,28.0,31,113
838,23.4,31,169
5270,25.6,31,001
826,22.5,31,011
6817,19.0,22,099
6572,21.8,22,115
1498,14.7,22,127
63644,22.7,22,033
3065,18.5,22,085
3135,17.5,22,003
1417,18.8,22,065
3778,18.2,22,053
3026,20.7,22,093
3061,19.1,22,043
2530,21.9,22,125
68006,22.3,22,051
2456,16.7,01,099
4189,18.0,01,079
21993,22.7,01,081
4843,22.8,01,093
3321,22.9,01,107
1893,23.4,01,119
97742,21.7,01,073
1938,20.8,01,023
3791,18.2,01,059
2725,20.8,01,091
9088,23.4,01,113
3806,20.2,01,019
5554,21.1,01,039
1584,16.3,01,041
5269,20.1,01,047
13388,21.0,01,077
1070,15.2,01,085
2890,24.0,01,087
13456,20.4,01,083
32208,22.1,01,117
3539,20.6,01,133
32998,21.8,01,003
11001,19.6,01,051
6882,18.6,01,071
12958,23.1,01,121
2081,18.3,01,129
1777,18.8,01,027
18521,22.5,01,103
4119,21.3,01,109
8384,21.5,01,033
8612,25.7,01,045
1879,18.9,01,065
8765,18.3,01,049
4542,17.6,01,053
3157,20.0,01,111
59555,21.4,01,097
1171,19.9,01,105
2089,19.9,01,029
1118,12.7,01,035
3382,18.8,01,005
2659,16.4,01,007
19759,25.0,01,015
3115,18.6,01,025
2595,22.2,01,057
249,24.5,31,149
596,26.9,31,163
1113,23.1,22,023
5511,22.3,22,011
1899,20.1,22,013
20852,25.0,22,015
2615,18.3,22,037
6900,24.0,22,095
3645,23.8,22,075
22873,22.6,22,073
5638,17.9,22,117
8339,15.5,22,097
7314,17.8,22,001
5157,14.9,22,101
41041,23.5,22,103
2767,17.6,22,111
37105,22.4,22,017
17037,21.4,22,005
32483,20.1,22,055
7770,16.6,22,045
5177,20.0,22,061
1141,15.4,22,091
5223,19.2,22,119
3587,19.4,22,031
4341,18.8,22,047
18980,20.7,22,063
2985,17.5,22,067
59525,21.5,22,071
13937,18.8,22,109
30661,23.0,22,019
2335,19.5,22,027
5680,20.5,22,009
2021,18.0,22,049
3011,19.6,22,077
7939,22.6,22,089
10421,15.7,22,057
542,17.1,22,107
1596,16.0,22,059
4670,17.7,23,015
5868,20.1,23,027
2351,18.2,23,021
10524,20.9,23,003
4636,20.1,23,029
5781,19.3,23,013
4807,18.1,23,023
18313,20.8,23,011
4139,19.2,23,007
8348,20.1,23,009
82234,19.4,24,510
3648,21.4,24,039
37035,21.2,24,025
9772,19.6,24,001
349,24.0,31,015
1156,25.9,31,093
353,22.4,31,073
27835,24.0,31,153
869,21.4,31,059
98,19.2,31,091
2330,21.5,31,159
542,22.1,31,181
1175,21.2,31,023
70,24.5,31,005
3299,21.7,31,067
1294,29.3,31,099
4956,21.6,31,119
1721,27.4,31,137
1092,20.5,31,179
1327,22.7,31,107
1730,31.4,31,121
367,19.1,31,133
174,28.7,31,183
897,23.2,32,015
199,24.8,32,009
1049,32.3,32,021
918,24.7,32,017
81282,25.7,32,031
11328,28.8,32,510
19562,18.3,33,013
9435,20.9,33,001
16241,19.2,33,017
72209,16.6,34,025
19929,19.7,34,037
89670,16.8,34,013
37820,18.8,34,015
52739,15.8,34,031
95755,14.6,34,003
14420,19.1,34,041
60199,19.2,34,005
2541,16.5,35,029
6429,26.4,35,055
2577,28.2,35,007
79,22.3,35,021
1217,20.5,35,037
1040,15.0,28,103
3920,21.1,28,137
3844,17.0,28,107
1835,21.4,28,161
2755,24.4,19,095
1619,22.7,19,189
1763,21.4,19,165
2240,25.2,19,007
2655,23.8,19,145
2272,17.1,19,191
15048,23.8,19,155
5359,20.2,19,127
4227,22.8,19,015
2337,18.6,19,021
1247,19.9,19,089
1755,23.3,19,077
1241,18.5,19,091
2277,20.7,19,121
845,17.2,05,073
3049,25.4,05,107
2969,20.5,05,149
1480,19.7,05,011
3537,25.2,05,113
3700,22.6,05,103
2248,25.9,05,081
8384,28.3,05,091
8562,16.8,05,145
13443,29.0,06,033
14829,30.9,06,115
6121,27.1,06,035
89687,25.0,06,097
26061,23.7,06,025
201377,17.2,06,001
22483,22.9,06,055
822,34.0,06,091
25283,19.8,06,113
21395,28.2,06,057
17816,28.7,06,045
1306985,19.0,06,037
200910,15.0,06,085
9504,30.0,06,093
5109,26.0,06,015
3764,24.2,08,015
8031,20.4,08,045
88076,21.2,08,059
1152,27.3,08,103
1416,26.8,08,021
71438,22.0,08,001
6300,16.4,08,037
2109,23.7,08,081
298,22.3,08,017
32166,21.4,01,101
14352,22.4,01,095
8533,21.4,01,009
2525,20.8,01,067
49989,20.2,01,089
7455,20.0,01,001
5928,20.7,01,123
4046,21.7,01,061
1346,18.9,01,131
1084,26.3,02,016
171,26.9,02,060
2220,24.8,02,150
764,18.2,02,188
2951,19.7,47,151
7470,19.9,47,107
4837,21.3,47,117
4573,20.7,47,143
12258,22.6,47,001
2182,16.8,47,049
6926,20.7,47,053
3114,17.1,47,069
7676,20.0,47,105
46647,23.5,47,149
2410,17.7,47,159
20632,22.0,47,189
2947,22.0,47,171
3925,26.7,35,027
9824,23.7,35,005
9169,21.7,35,025
21452,19.4,35,049
539,17.8,35,059
2161,25.0,35,051
1854,16.8,35,053
2439,22.6,35,041
28385,21.7,35,013
1865,14.1,35,028
7281,27.3,35,039
5149,26.2,35,047
12266,23.9,35,061
2619,24.3,35,057
107125,23.0,35,001
12396,28.4,35,035
4773,26.3,35,006
354,30.9,35,011
677,20.5,35,019
679,23.9,35,003
161707,17.4,36,005
56019,17.7,36,067
9371,17.0,36,019
4032,16.3,36,099
12134,17.2,36,079
8123,18.6,36,043
13680,17.7,36,069
11334,16.6,36,101
807,22.6,36,041
15871,17.7,36,013
233067,13.1,36,047
6154,17.7,36,107
6257,21.2,36,073
25936,15.9,36,091
7298,16.0,36,021
2752,15.0,36,049
90406,13.5,36,119
5519,16.8,36,025
6796,19.9,36,057
56730,17.2,36,085
11955,16.7,36,089
7458,12.5,36,109
8938,18.7,36,113
5182,17.2,36,023
37735,18.4,36,027
1365,20.9,56,031
6191,28.9,56,033
2459,30.6,56,003
1440,27.7,56,011
4882,23.5,56,029
4493,20.9,56,001
2406,23.0,56,007
2403,25.6,56,015
3211,24.8,56,041
1471,26.5,56,043
968,28.0,56,017
6962,26.2,56,013
2028,29.8,56,035
1313,25.8,56,045
11692,19.6,36,015
86202,16.8,36,055
29619,18.6,36,065
23180,17.8,36,111
8173,19.2,36,051
6932,17.4,36,077
4988,14.1,36,039
31977,15.6,36,001
5802,19.3,36,003
9282,17.6,36,009
8369,17.4,36,053
17299,16.2,36,093
8026,19.4,36,037
2821,16.9,36,123
3156,21.1,37,079
2403,21.6,37,121
2352,22.2,37,041
1831,21.7,37,005
12646,21.4,37,027
23773,21.8,37,035
14334,21.4,37,045
17487,25.9,37,049
7654,21.1,37,065
8767,20.9,37,077
20998,24.5,37,085
9699,28.0,37,093
20240,23.7,37,089
1030,27.0,37,095
26156,21.7,37,097
143394,19.9,37,119
2792,18.6,37,131
22754,21.0,37,147
22833,23.6,37,159
5939,19.8,37,181
4783,22.2,37,039
5138,27.3,37,053
30728,20.9,37,179
10807,21.9,37,193
13278,20.5,37,127
4721,17.6,37,003
6828,25.3,37,055
3185,21.9,37,185
10982,19.8,37,195
2001,23.9,37,073
1372,22.6,37,075
2925,19.1,37,115
2667,26.8,37,137
3898,24.5,37,149
21885,22.1,37,151
6650,19.8,37,169
1976,24.2,37,187
1692,20.2,37,043
59148,28.7,37,051
74783,21.2,37,081
5849,21.3,37,099
6409,23.8,37,139
17842,20.9,37,155
2021,20.6,37,173
121450,17.0,37,183
3869,21.5,37,007
6909,21.0,37,111
11007,23.9,37,069
1907,26.3,37,103
6506,24.8,37,113
23402,22.5,37,019
5377,21.0,37,175
7983,23.4,37,013
9061,23.0,37,047
13828,23.4,37,109
3742,19.7,37,123
11755,13.1,37,135
6702,21.9,37,153
9064,21.3,37,163
10583,20.8,37,171
3224,24.2,37,011
35190,18.6,37,021
31406,22.9,37,025
3352,20.1,37,033
6448,21.3,37,059
25890,22.3,37,057
9023,22.6,37,061
33525,15.6,37,063
4041,24.3,37,091
9203,22.6,37,105
33570,21.5,37,129
9419,22.1,37,141
18849,22.9,37,191
5126,21.7,37,165
6019,19.0,37,189
6733,18.6,37,083
25666,23.4,37,001
595,19.2,37,177
4662,22.9,38,089
652,22.3,38,103
428,28.6,38,013
1506,22.9,38,061
6106,27.3,38,105
110,15.6,38,007
472,26.5,38,043
753,27.7,38,019
382,21.9,38,037
877,21.2,38,049
347,27.2,38,091
927,23.7,38,005
685,23.2,38,045
5151,23.5,38,059
711,23.3,38,025
364,18.2,38,051
498,22.8,38,063
2071,24.9,38,079
1714,22.5,38,099
1203,26.5,38,009
1644,21.5,38,003
9937,24.0,38,035
1911,24.0,38,053
1532,22.0,38,055
721,24.3,38,069
471,28.0,38,075
403,18.9,38,011
13045,20.4,38,015
322,23.3,38,047
284,22.1,38,065
3427,23.5,38,093
1314,16.7,38,071
449,19.4,38,031
353,20.1,38,039
246,22.6,38,083
93,17.1,38,087
7294,19.1,39,159
3833,19.8,39,131
2466,19.0,39,125
103066,18.8,39,061
168764,19.6,39,049
10770,23.3,39,101
10783,16.8,39,157
13832,18.1,39,169
5795,19.1,39,015
47116,19.4,39,017
1710,15.6,39,067
8386,20.7,39,083
25098,21.4,39,089
17197,20.3,39,139
1492,16.3,39,163
3463,17.6,39,019
10378,20.0,39,063
28366,20.2,39,025
22581,21.7,39,045
5581,21.5,39,039
5161,17.6,39,071
3841,20.4,39,069
9045,19.1,39,081
20311,19.3,39,133
3654,16.2,39,137
9692,19.3,39,013
6151,21.8,39,027
3281,16.7,39,047
4387,17.8,39,127
7391,18.4,39,129
6577,20.8,39,097
11493,19.6,39,119
8690,21.2,39,143
3705,19.1,39,161
8739,20.2,39,167
5994,19.3,39,011
6749,19.1,39,037
7065,23.3,39,123
3386,17.7,39,065
3783,17.0,39,079
7477,19.0,39,077
6027,16.3,39,009
2957,15.6,39,001
25691,20.7,39,103
68062,23.3,39,095
2039,18.4,39,121
22692,17.2,39,041
7389,19.9,39,147
57002,21.9,39,151
4096,16.2,39,031
12391,19.3,39,055
3728,18.7,39,073
37841,22.9,39,085
11085,20.3,39,141
189959,21.7,39,035
2768,10.8,39,075
15897,21.8,39,109
1703,16.8,39,111
26840,18.7,39,155
16173,20.0,39,173
6359,17.9,39,005
738,22.9,40,043
674,26.3,40,059
6470,21.0,40,083
99637,23.5,40,143
7229,20.4,40,147
523,27.6,40,057
1787,20.6,40,061
6514,25.3,40,111
7899,23.8,40,113
980,23.2,40,067
8432,20.8,40,047
4095,22.0,40,049
7116,22.9,40,121
5622,22.6,40,123
735,29.7,40,129
3255,23.7,40,153
6981,22.9,40,021
7325,23.9,40,041
703,25.0,40,045
8410,22.6,40,051
9226,21.0,40,119
11798,24.7,40,125
10930,22.5,40,037
1030,20.5,40,141
1569,20.8,40,149
983,24.8,40,033
1417,23.0,40,075
6180,18.3,40,079
4217,19.3,40,089
1182,22.7,40,093
6775,24.2,40,097
117248,22.8,40,109
4375,25.8,40,039
1445,21.5,40,085
3624,24.5,40,009
2422,23.9,40,023
3880,24.2,40,065
5856,24.6,40,081
2319,20.6,40,117
4433,27.1,40,133
317,20.3,40,025
1750,24.9,40,011
767,20.5,40,029
613,20.4,40,053
2366,23.3,40,073
1751,24.4,40,105
6234,23.9,40,087
2594,22.9,40,095
1389,18.0,40,103
15479,25.1,40,131
5617,19.8,40,135
863,19.7,40,003
1500,26.7,40,151
45016,25.3,40,027
1732,20.9,40,107
2157,22.4,40,005
4632,26.4,41,061
58796,26.3,41,047
24164,30.0,41,019
4598,28.4,41,031
14398,26.9,41,053
35744,26.4,41,017
27113,31.2,41,043
19672,27.9,41,071
3353,28.0,41,001
12360,26.3,41,035
11226,30.0,41,041
11085,20.0,41,003
4598,26.9,41,013
345,27.6,41,055
1441,27.1,41,025
5352,27.1,41,045
1572,28.7,41,063
342,31.2,41,069
1810,25.2,41,049
15146,31.8,41,011
5223,28.5,41,015
469,32.9,41,021
3225,20.5,41,027
1562,26.5,41,037
126152,21.5,41,051
9457,23.0,42,103
3454,12.8,42,109
5217,17.2,42,115
8730,14.6,42,039
29053,15.5,42,049
1484,14.1,42,057
2266,13.1,42,067
16432,15.7,42,107
3352,17.1,42,131
12898,17.9,42,001
7138,14.7,42,005
3699,14.6,42,035
7522,16.0,42,025
12136,12.3,42,027
8760,13.0,42,097
35401,16.7,42,095
5673,14.9,42,121
23660,19.5,42,007
24677,16.6,42,069
4869,16.6,42,083
13831,14.4,42,051
83392,14.4,42,091
7609,12.9,42,033
5083,17.4,42,123
14358,15.0,42,075
13828,17.2,42,081
1654,12.4,42,093
21279,16.0,42,019
2903,13.1,42,047
53883,14.8,42,071
11652,14.8,42,085
2034,16.8,42,105
5042,17.3,42,117
10132,16.6,44,005
77768,17.9,44,007
5213,15.3,44,001
23989,20.3,45,003
1146,18.1,45,005
4083,20.8,45,037
4146,18.4,45,023
3842,14.7,45,029
3750,17.3,45,067
43083,21.5,45,063
11064,19.7,45,073
34113,23.9,45,015
49093,17.2,45,019
9803,21.3,45,043
3502,18.3,45,069
27436,20.2,45,007
5525,17.3,45,025
8507,17.9,45,047
56677,23.0,45,051
9289,20.6,45,055
12296,20.8,45,075
44107,21.2,45,083
1471,15.3,45,009
27487,20.6,45,013
2268,21.0,45,017
3461,17.0,45,033
2408,16.9,45,081
55356,21.4,45,079
3355,20.6,45,039
2294,16.7,45,049
68471,19.9,45,045
12480,18.9,45,057
24419,23.0,45,035
18012,19.3,45,041
9615,20.9,45,059
1444,18.4,45,065
15528,19.9,45,077
3800,19.5,45,087
3888,17.8,45,089
291,16.1,46,003
903,18.2,46,051
671,17.2,46,123
286,17.4,46,137
878,19.7,46,115
1010,20.0,46,009
3558,19.2,46,011
1672,24.2,46,033
1499,28.8,46,047
661,18.0,46,057
442,22.9,46,071
197,19.7,46,069
339,20.3,46,049
799,16.0,46,067
650,16.9,46,129
223,21.6,46,017
741,19.0,46,037
479,23.6,46,043
223,24.7,46,063
332,20.5,46,089
1420,21.7,46,109
234,25.5,46,119
7387,20.2,46,083
1615,18.5,46,079
3821,21.6,46,081
3690,19.4,46,029
1632,23.5,46,019
469,20.3,46,031
580,21.8,46,045
193,17.3,46,021
462,24.5,46,007
340,24.9,46,055
102,16.5,46,075
4402,24.1,46,093
1156,19.9,46,125
5187,20.2,46,013
384,18.5,46,061
592,16.3,46,087
287,22.5,46,095
1035,23.5,46,101
18049,23.9,46,103
2136,20.2,46,127
336,22.3,46,097
4957,30.6,53,003
1898,17.7,53,001
457,28.3,53,023
13492,28.8,53,045
23285,26.4,53,057
8762,27.4,53,065
92123,26.7,53,063
2183,28.6,53,043
10806,20.8,53,007
5981,23.1,53,031
53017,28.7,53,035
277558,17.7,53,033
5014,29.8,53,049
2744,27.4,53,051
3181,23.2,53,055
2399,27.2,53,059
4890,20.1,53,075
31282,20.7,53,077
16483,28.6,53,009
22265,30.0,53,015
1475,25.6,53,019
15638,28.2,53,041
11955,22.5,53,021
5977,21.7,53,017
17470,28.9,53,029
151030,25.6,53,053
10329,26.0,53,071
35153,24.0,53,073
1290,15.1,54,023
3219,18.8,54,027
3319,20.4,54,009
961,15.1,54,017
1486,14.7,54,031
7044,18.2,54,049
2819,16.3,54,059
4561,21.0,54,029
4790,20.8,54,051
3137,17.1,54,067
896,16.7,54,093
924,14.3,54,095
1468,14.5,54,087
2272,18.3,54,091
13862,22.9,54,107
1028,18.5,54,021
3313,17.2,54,053
1494,15.0,54,063
1011,18.6,54,073
12835,20.4,54,011
7892,20.2,54,037
4599,19.1,54,045
538,10.2,54,071
9162,19.0,54,033
5868,19.7,54,069
986,18.2,54,013
2620,19.8,54,065
11433,21.2,54,081
7813,19.6,54,079
1721,15.3,54,001
1765,12.9,54,047
5143,17.8,54,099
3429,16.7,54,035
7865,18.5,54,055
2473,14.9,54,097
961,15.6,54,101
17095,21.5,54,003
5448,17.3,54,019
1224,26.7,55,051
4118,19.0,55,019
13082,21.9,55,109
5642,20.4,55,083
4727,22.9,55,069
7274,19.6,55,135
6516,20.2,55,005
2767,22.7,55,113
2664,20.1,55,047
2229,21.6,55,099
2557,22.3,55,077
6970,23.2,55,075
132954,21.1,55,079
952,23.0,29,205
6162,24.5,29,225
920,23.6,29,005
2252,20.0,29,013
3470,23.5,29,015
791,18.7,29,035
1276,23.4,29,057
5520,21.2,55,045
30817,23.1,55,101
23278,20.3,55,139
1493,23.2,55,041
1873,18.2,55,107
5448,18.6,55,115
2896,20.5,55,067
24975,19.9,55,087
3614,17.6,55,123
9115,22.5,55,021
3100,21.3,55,061
33931,19.4,55,009
13921,21.3,55,035
6163,22.7,55,085
7047,22.5,55,095
2754,23.3,55,129
54980,19.5,55,133
15308,22.5,55,127
2519,21.5,55,023
4466,23.0,55,057
9519,21.4,55,111
20694,21.7,55,131
9328,20.6,55,017
59628,16.9,55,025
7771,25.2,55,031
3321,22.9,55,053
3724,22.4,55,049
11737,19.0,55,089
8335,18.4,55,097
23300,21.1,55,105
2735,19.4,55,119
3670,22.8,55,001
2580,22.4,55,007
6903,22.3,55,081
10747,20.6,55,141
2388,22.4,55,003
838,24.4,55,037
12263,20.9,55,055
8069,26.5,56,005
3207,25.1,56,023
14812,27.2,56,025
2081,21.9,56,009
495,27.1,56,027
7041,25.2,56,037
4391,15.7,47,177
18059,20.6,47,179
4164,19.4,47,183
2241,19.0,47,005
1898,17.2,47,007
5197,18.1,47,013
1805,17.8,47,015
772,13.4,47,083
13598,21.4,47,119
8010,22.8,48,373
1049,21.8,48,391
9903,26.0,48,467
5709,20.9,48,055
1843,20.8,48,487
718,21.6,48,317
5258,21.7,29,105
1518,18.3,29,115
5929,21.7,29,091
7634,24.2,29,101
1279,20.0,29,125
5577,20.1,29,161
15165,22.2,29,165
11651,24.7,29,187
46327,21.1,29,510
2686,22.0,29,003
6902,23.6,29,023
1160,18.8,29,033
1039,18.8,29,061
730,22.2,29,087
3970,20.6,29,127
1560,16.8,29,151
2044,21.5,29,181
5740,24.3,29,219
3684,21.3,29,221
14133,24.7,29,043
1862,19.9,29,063
970,16.6,29,081
4538,20.0,29,107
2382,17.6,29,001
526,17.1,29,199
709,16.3,29,211
898,18.7,29,045
17874,22.7,29,097
1436,22.1,29,111
2771,18.4,29,119
2510,19.1,29,157
4610,22.7,29,167
3467,21.9,29,177
2443,23.9,30,041
816,20.8,30,015
3748,24.9,30,053
3168,25.3,30,067
132,25.4,30,103
1121,27.1,30,005
656,24.1,30,097
1113,26.7,30,099
161,17.5,30,079
1588,19.5,30,035
465,23.3,30,025
121,20.7,30,037
5934,25.0,30,093
1659,24.5,30,095
1933,22.4,30,043
535,21.8,30,039
351,24.8,30,107
1371,20.8,30,057
706,27.9,30,091
271,28.1,30,011
1954,25.7,30,003
5059,24.5,30,047
10860,22.8,30,049
1031,25.4,30,073
24592,22.6,30,111
17481,22.1,30,063
2209,24.8,48,387
835,17.1,48,501
4187,20.0,48,189
3548,21.9,48,419
1444,20.4,48,399
481,18.8,48,435
18639,24.7,48,451
14220,23.6,48,469
6513,24.1,48,481
20042,23.8,48,485
121,28.9,48,033
1788,23.6,48,315
5872,17.9,48,323
24546,27.8,48,181
2229,25.7,48,297
5006,25.7,48,363
1988,18.6,48,255
3236,22.5,48,123
2461,25.0,48,059
4099,19.5,48,067
21116,26.5,48,183
2220,22.8,48,313
43638,24.2,48,303
19580,24.7,48,257
6684,22.3,48,259
887,23.5,48,153
786,18.4,48,017
7704,29.5,48,071
60260,28.5,48,027
41723,16.9,48,061
2233,20.3,48,117
118584,23.2,48,141
787,15.0,48,283
301,39.9,48,443
3232,21.4,48,457
907,25.0,48,483
1441,23.5,48,009
1373,20.2,48,043
89826,18.7,48,215
39064,26.2,48,423
545,23.0,48,105
716,17.9,48,207
6617,26.8,48,227
823,23.0,48,333
3087,22.6,48,337
4363,27.7,48,365
2084,26.3,48,403
597,28.8,48,421
1161,23.2,48,437
14675,23.6,48,231
2135,25.3,48,063
696,20.6,48,195
22016,21.1,48,187
1785,23.6,48,077
995,23.3,48,205
559,25.7,48,383
5485,22.5,48,217
4252,26.2,48,293
8639,23.0,48,347
1021,17.0,48,369
21199,23.6,48,367
1966,24.0,30,027
7455,23.6,30,081
1483,27.4,30,105
13160,23.8,30,013
199,27.1,30,033
853,26.7,30,061
64,18.3,30,069
1254,23.7,30,077
1912,21.4,30,089
145,18.7,30,109
15148,22.0,30,031
277,20.7,30,059
1976,24.3,30,009
1540,24.0,30,001
16610,23.5,30,029
873,24.7,30,065
594,25.3,31,083
2226,23.9,31,185
7130,23.6,31,019
1028,15.4,31,037
586,29.1,31,087
5162,23.7,31,141
908,25.0,31,143
2365,31.8,31,013
506,22.6,31,017
999,26.9,31,161
41058,21.1,31,109
738,24.0,31,129
189,35.8,31,007
570,31.4,31,063
79179,21.7,31,055
1484,25.7,31,147
1612,23.0,31,089
869,25.9,31,065
1678,18.9,31,151
1052,27.2,31,173
2992,21.7,31,177
1158,28.6,31,031
5807,23.6,31,053
382,26.5,31,069
871,25.9,31,123
1101,24.0,31,127
165,34.9,31,171
2166,17.4,31,043
1090,24.8,31,003
829,31.0,31,029
981,23.3,31,035
2159,28.7,31,041
601,26.8,31,061
1725,27.3,31,081
1234,24.0,31,095
1682,28.2,31,101
124,26.8,31,115
528,26.3,31,135
3548,24.5,31,155
6339,26.2,31,157
105,20.7,31,103
666,25.0,31,105
6456,26.5,31,111
22177,23.2,48,135
608,13.8,48,377
5784,19.6,48,465
233,16.4,48,109
767,17.0,48,169
129,14.5,48,173
4713,24.6,48,185
122178,19.1,48,085
14704,25.7,48,005
293,27.5,48,101
30037,23.5,48,209
56126,23.8,48,039
650,29.6,48,129
6055,19.3,48,013
2262,23.8,48,353
306,10.4,48,229
1826,24.8,48,475
11210,25.5,48,203
338,19.2,48,327
3765,20.6,48,149
82385,22.8,48,491
4115,29.4,48,233
2301,26.8,48,343
14141,25.2,48,361
1133,24.6,48,495
587843,19.8,48,201
8292,25.4,48,053
4015,20.8,48,171
326932,19.6,48,113
120,24.2,48,311
3132,25.1,48,503
26269,24.1,48,251
5612,22.9,48,223
1171,19.3,48,357
520,21.7,48,275
34948,23.0,48,309
558,21.2,48,095
297,20.3,48,137
3356,26.9,48,133
387,22.8,48,243
560,18.4,48,247
85299,22.8,48,339
904,14.0,48,127
24900,16.5,48,479
428,30.6,48,011
1041,22.3,48,069
3675,21.4,48,273
6715,24.8,48,097
804,21.5,48,107
598,22.3,48,151
1580,22.3,48,131
2182,25.2,48,031
5010,20.8,48,241
41892,24.8,48,245
741,25.1,48,271
277,21.9,48,359
1778,21.3,48,279
469,21.0,48,295
1513,26.8,48,307
806,28.2,48,319
418,25.5,48,125
4302,24.2,31,025
919,19.0,31,139
203,24.3,31,165
1001,21.6,31,021
1038,17.1,31,039
792,20.5,31,051
329,25.2,31,057
112,24.0,31,075
470,28.3,31,077
9004,22.9,31,079
188,28.7,31,085
2396,22.1,31,131
1998,27.1,31,145
1161,20.3,31,027
1306,25.1,31,045
608,16.1,31,097
1784,26.8,31,033
3223,21.1,31,047
391,26.6,31,071
84,26.0,31,117
572,22.6,31,125
1056,26.0,31,167
737,24.6,31,175
5216,31.0,32,001
10417,28.1,32,005
1266,24.4,32,027
370,27.5,32,011
2919,26.3,32,013
1702,24.1,32,033
9164,27.5,32,007
9280,27.2,32,023
823,27.3,32,029
373444,25.1,32,003
11626,29.7,32,019
9960,18.7,33,005
10952,17.3,33,009
40591,18.2,33,015
5562,17.4,33,019
53009,18.2,33,011
4858,20.0,33,007
7240,19.4,33,003
38874,15.7,34,021
18044,17.5,34,011
31519,13.7,34,035
81969,20.0,34,029
36703,19.9,34,001
83960,14.8,34,023
8379,19.0,34,033
13780,19.7,34,009
67971,19.5,34,007
60951,16.2,34,039
61213,12.8,34,017
13447,15.1,34,019
47132,13.6,34,027
716,24.1,35,023
10574,23.9,35,031
24120,24.6,35,043
5028,25.2,35,017
8119,26.6,35,009
28807,25.8,48,139
3018,26.0,48,287
292589,22.3,48,439
10417,24.8,48,001
2732,27.7,48,239
10229,27.2,48,265
3452,20.7,48,331
2184,22.8,48,093
2185,17.9,48,145
1033,25.5,48,047
4740,23.4,48,015
13,3.4,48,261
2880,20.1,48,089
10576,24.7,48,409
23941,27.1,48,381
921,21.9,48,411
625,31.8,48,413
1244,17.5,48,507
3600,25.0,48,057
227,24.2,48,155
1553,29.2,48,175
1178,19.9,48,193
1119,20.1,48,335
3786,19.0,48,449
2817,20.4,48,285
1758,22.0,48,445
10949,24.6,48,497
5907,24.5,48,321
2119,20.1,48,371
15146,24.0,48,397
20699,24.8,48,441
250,22.9,48,447
9326,20.0,48,471
8895,27.6,48,499
4271,23.9,48,007
388,20.6,48,079
604,24.1,48,081
15619,32.7,48,099
546,22.5,48,211
2493,20.0,48,341
17185,22.7,48,375
1363,22.4,48,405
709,31.7,48,417
4817,13.5,48,427
503,20.7,48,461
6371,24.4,48,049
543,26.1,48,191
2151,29.5,48,159
2115,17.0,48,163
3975,27.0,48,281
3681,18.6,50,019
856,16.2,50,013
16608,15.5,50,007
3244,18.2,50,015
6146,17.9,50,011
4115,19.1,50,005
5371,16.9,50,025
4598,18.0,50,003
4116,16.2,50,001
709,15.0,50,009
1266,22.2,28,009
8419,22.6,35,015
1199,34.1,35,033
22276,27.3,35,045
1416,26.7,28,037
3545,24.5,28,027
2463,21.7,28,061
10141,22.6,28,067
1388,14.3,28,147
5096,20.6,28,095
4519,21.9,28,115
2127,19.4,28,051
1564,17.3,28,005
12049,17.4,28,089
1889,19.1,28,013
3222,19.0,28,091
2662,19.5,28,141
2429,18.2,28,153
2509,25.6,28,041
5670,23.2,28,093
1060,21.9,28,119
9431,25.0,28,109
2847,19.3,28,079
4436,23.9,28,099
23986,22.9,28,121
6223,20.8,28,151
1543,18.0,28,077
1729,21.1,28,111
1912,16.8,28,017
1481,20.3,28,015
3752,24.1,28,039
3087,21.6,28,043
1020,21.0,28,063
3342,24.4,28,101
3663,21.6,28,117
712,24.4,28,125
1030,17.8,28,019
8997,26.7,28,045
3927,25.0,28,057
252,22.7,28,055
24463,25.2,28,059
3587,20.1,28,083
1605,24.0,28,143
1194,22.9,28,021
34080,25.2,28,047
12759,24.8,28,075
4905,21.1,28,085
4028,22.1,28,127
2822,22.1,28,159
2779,22.6,28,007
8948,21.8,28,073
13018,23.1,28,081
1940,19.7,28,135
2087,19.0,28,129
7572,24.1,28,149
2212,20.3,28,023
1267,17.6,28,097
4843,18.7,28,105
30989,29.0,49,053
7127,17.1,50,023
2043,26.0,49,027
10786,27.5,49,045
1671,31.4,49,025
5009,18.3,49,043
1763,25.5,49,019
297,22.8,49,031
447,30.6,49,033
4766,25.1,49,051
924,24.1,49,001
9018,28.3,49,003
8855,30.9,49,021
5271,29.8,49,039
3720,28.2,49,041
42925,27.6,49,057
2066,22.8,49,037
169009,23.7,49,035
139,34.6,49,009
517,29.1,49,055
4086,31.2,49,007
1694,26.2,49,029
16663,26.6,49,005
1673,26.4,49,023
9988,18.4,51,095
4107,20.5,51,167
4942,22.0,51,173
4803,15.8,51,540
9643,24.2,51,031
44427,19.6,51,087
3830,22.1,51,099
1812,21.0,51,103
4280,23.8,51,105
1693,24.5,51,115
1984,23.7,51,119
6258,23.8,51,149
1408,20.3,51,159
3431,20.9,51,169
19459,22.0,51,177
2382,21.4,51,011
8669,21.2,51,067
1019,19.5,51,097
10020,17.9,51,121
3714,23.7,51,127
1582,22.3,51,049
2157,19.9,51,051
5084,20.5,51,083
35813,14.1,51,107
57604,19.5,51,153
3486,26.4,51,175
437,23.3,51,091
4070,20.0,51,033
6737,24.9,51,073
2770,20.4,51,141
4755,22.3,51,145
6286,20.3,51,171
10061,20.9,51,061
3438,19.5,51,790
4719,24.5,51,065
2662,21.4,28,031
1262,19.0,28,155
5760,22.6,28,003
2502,18.7,28,025
926,17.1,28,053
31307,16.4,42,043
16121,15.0,42,055
4384,14.3,42,119
7003,17.8,42,127
4804,13.6,42,009
24715,21.2,42,089
4905,15.0,42,061
23658,15.9,42,125
178846,16.7,42,101
50532,16.3,42,133
8295,14.9,42,063
27143,15.5,42,041
142972,16.2,42,003
44406,17.1,42,129
807,13.5,42,053
13976,15.8,42,013
9889,15.9,42,073
6597,15.3,42,015
14345,15.1,42,021
47488,13.4,42,029
46688,16.5,42,011
4595,14.2,42,087
380,15.7,29,129
2191,17.8,29,229
37962,23.2,29,047
2097,19.0,29,065
3214,21.3,29,195
306,20.7,29,227
1343,19.9,29,079
2734,19.1,29,141
852,18.4,29,179
144281,20.9,29,189
6765,27.7,29,209
5035,20.3,29,009
21198,19.8,29,019
11369,21.6,29,051
3377,20.1,29,055
1552,21.1,29,093
2003,18.7,29,117
2050,18.9,29,135
1757,16.2,29,155
6710,23.8,29,159
904,15.4,29,203
4205,24.5,29,175
3469,17.4,29,069
17272,24.2,29,071
1254,19.1,29,089
111084,23.5,29,095
3516,20.4,29,131
616,18.5,29,171
10431,27.5,29,213
13907,23.0,29,021
1242,20.1,29,025
669,17.7,51,045
1646,20.1,51,750
3302,17.8,51,840
4019,17.1,51,001
2326,20.0,51,063
2999,24.8,51,071
2392,19.9,51,077
2185,19.8,51,135
1027,18.7,51,157
1047,19.2,51,036
7337,21.4,51,047
4013,19.6,51,053
2939,21.7,51,079
14419,19.7,51,085
1654,18.4,51,111
5392,21.4,51,137
836,23.8,51,595
3939,18.6,51,197
40503,25.2,51,550
4126,15.3,51,660
11708,16.1,51,003
12372,21.8,51,019
2346,18.5,51,029
6111,22.2,51,195
856,21.5,51,580
17413,27.4,51,740
78779,25.7,51,810
2303,20.5,51,005
1094,23.0,51,640
3126,23.7,51,193
2003,20.4,51,133
5606,21.9,51,155
6048,22.1,51,187
6762,23.7,51,590
3561,20.6,51,630
4503,19.8,51,009
740,23.5,51,017
3313,22.3,51,670
29868,25.7,51,700
11736,19.7,51,069
8899,19.8,51,680
8634,18.9,51,199
1909,21.7,51,690
1642,14.8,51,125
10514,23.2,51,143
808,19.6,51,530
939,9.8,51,610
4680,21.5,51,730
1549,18.3,51,735
2256,14.0,51,600
2980,19.4,51,820
13782,19.7,51,770
14864,24.4,51,800
38396,25.1,51,710
1845,19.9,51,007
46410,20.1,51,041
98206,12.6,51,059
7380,25.3,53,047
7425,26.6,53,037
1748,23.8,29,085
16819,23.9,29,037
3132,22.2,29,049
2453,21.3,29,059
7768,20.8,29,113
1323,21.3,29,137
9281,23.6,29,145
2084,16.3,29,163
59216,22.1,29,183
11167,22.1,29,031
7336,19.5,47,031
7242,24.5,47,047
901,19.0,47,067
8226,20.1,47,073
2511,18.6,47,091
4119,17.3,47,103
2874,17.9,47,111
704,15.3,47,127
10553,22.1,47,147
5580,19.5,47,051
20651,22.2,47,009
5946,21.1,47,021
8992,21.4,47,019
3030,18.2,47,057
4093,19.7,47,055
3312,18.7,47,097
5097,17.5,47,099
13606,20.9,47,113
4514,22.2,47,115
2523,16.3,47,133
712,18.3,47,137
2281,18.5,47,181
23041,15.7,47,187
5871,18.3,47,003
10015,20.1,47,059
9688,21.6,47,035
628,14.7,47,175
4201,18.5,47,025
3167,18.1,47,081
2237,17.2,47,085
9200,18.4,47,141
15881,22.8,47,155
1942,20.2,47,161
2660,24.0,47,023
1782,21.3,47,039
1433,16.5,47,087
3253,17.9,47,109
9257,23.6,47,145
16177,22.5,47,011
8118,18.5,47,063
2108,15.2,47,173
3235,17.4,47,071
6981,19.2,47,043
2514,16.1,47,129
6497,19.9,47,123
4466,19.1,47,079
1968,20.0,47,033
933,16.5,47,095
63117,20.5,47,093
31527,24.6,53,005
85944,26.9,53,011