"17051,19894"
"17107,24896"
"17165,23500"
"17097,683278"
"17127,13886"
"17017,12323"
"18069,34975"
"18181,23848"
"18075,20570"
"18145,43704"
"18153,18560"
"18157,174655"
"18057,321593"
"18005,81511"
"18049,19881"
"18113,46710"
"18019,114781"
"18063,161266"
"18053,60854"
"18071,43274"
"18119,20662"
"18183,33294"
"18023,31670"
"18161,7050"
"18029,48902"
"18093,44883"
"18123,17460"
"18129,25283"
"18015,19955"
"18045,16268"
"18149,22891"
"18055,31859"
"19011,25295"
"19061,92838"
"19151,6653"
"19177,7054"
"19003,3533"
"19009,5453"
"19051,8811"
"19093,6779"
"19135,7677"
"19167,32600"
"19025,8946"
"19033,41630"
"19083,16202"
"19117,8462"
"19147,8661"
"19087,18487"
"19099,35217"
"19157,16710"
"19043,17298"
"19017,23394"
"19063,8495"
"19081,10598"
"19097,19152"
"19111,32986"
"19181,48298"
"19123,21526"
"19041,15883"
"19055,16949"
"13005,10460"
"13025,18683"
"13017,16698"
"13033,22315"
"13047,66131"
"13053,7161"
"13055,23064"
"13073,150231"
"13087,25496"
"13115,93204"
"13117,227722"
"13137,42354"
"13147,24876"
"13185,111183"
"13191,14098"
"13199,20809"
"13207,26087"
"13237,21500"
"13261,27975"
"13265,1607"
"13301,5217"
"20193,7433"
"19185,6319"
"19163,169095"
"20181,5729"
"20127,5487"
"20163,4862"
"20025,1963"
"20077,5442"
"20111,31813"
"20145,5559"
"20033,1668"
"20063,2597"
"20079,33109"
"20093,3842"
"20113,27213"
"05041,11625"
"05049,12048"
"05061,13131"
"05051,96426"
"05093,41324"
"05115,60337"
"05117,8052"
"05139,38967"
"05147,6418"
"05023,24772"
"05025,8041"
"05067,14363"
"05057,21476"
"05135,16930"
"05137,12335"
"05143,224379"
"05005,41005"
"05003,20092"
"05031,103526"
"05055,44230"
"05105,10187"
"05111,23544"
"05133,16962"
"05013,5056"
"05019,19800"
"05075,16000"
"05095,6971"
"05029,20666"
"05101,7745"
"05001,17652"
"05085,71860"
"05015,27683"
"05123,22598"
"05119,386386"
"06047,265391"
"06043,16248"
"06049,8427"
"06013,1132322"
"06027,17333"
"06099,537999"
"06083,424630"
"06103,63064"
"06051,13978"
"06069,60106"
"13079,12167"
"13029,36977"
"13035,21225"
"13039,51524"
"13099,10172"
"13069,39124"
"13077,142750"
"13123,30171"
"13297,90587"
"13317,9740"
"13091,18745"
"13129,56634"
"13057,245892"
"13113,111729"
"13177,28461"
"13227,31049"
"13133,17150"
"13075,17007"
"13085,24370"
"13121,1001256"
"15001,196122"
"15003,948223"
"15007,70926"
"15005,55"
"16031,23311"
"16063,5303"
"16085,10522"
"16041,13411"
"16069,39244"
"16055,155496"
"16067,20633"
"16083,83780"
"16013,21991"
"16015,7309"
"16023,2534"
"16047,15049"
"16001,447860"
"16007,5962"
"16011,45578"
"16025,1048"
"16035,7710"
"16051,28507"
"41039,365491"
"51181,6523"
"51043,14227"
"51117,29715"
"51015,70880"
"51075,21711"
"51113,12954"
"51161,91629"
"51025,14132"
"51131,11581"
"51163,22352"
"51720,3913"
"51570,17262"
"51021,5486"
"51023,33006"
"51520,16552"
"51830,10550"
"51035,29630"
"06075,854594"
"06067,1500777"
"06017,186795"
"06053,415777"
"06073,3226347"
"06107,456410"
"06023,131800"
"06003,1003"
"06039,147126"
"06087,260974"
"06105,12411"
"06065,2375098"
"06071,2094174"
"06041,252524"
"06061,381406"
"06089,175989"
"06095,431173"
"06011,21249"
"28029,27582"
"28049,229824"
"28145,28190"
"28139,21709"
"28035,71502"
"28071,48835"
"28087,57361"
"28157,7717"
"28065,11200"
"28123,28059"
"28163,23708"
"28011,30435"
"28113,38467"
"28131,17525"
"28069,8988"
"28133,21872"
"28001,28713"
"28033,178172"
"42045,542767"
"42111,69178"
"29123,11993"
"29217,19912"
"29147,19202"
"29041,7244"
"29223,13063"
"29201,38041"
"29011,11624"
"29039,13851"
"29073,14461"
"29121,14926"
"29149,10514"
"29186,17566"
"29067,13178"
"29083,21466"
"29109,37616"
"29169,43094"
"29215,24228"
"29027,40872"
"29053,16041"
"29075,6393"
"51650,130462"
"51191,52230"
"51139,23575"
"51510,156086"
"51013,230027"
"51027,20888"
"51179,143143"
"51760,215695"
"51057,10844"
"51185,40058"
"51685,16986"
"51183,9033"
"51683,41094"
"51775,22754"
"51037,11882"
"51081,8244"
"53067,275979"
"53013,3913"
"72059,null"
"72121,null"
"72067,null"
"72141,null"
"72054,null"
"72099,null"
"72123,null"
"47165,181921"
"29133,11837"
"29153,9105"
"29017,12012"
"47169,9307"
"47027,7542"
"17163,258658"
"17139,14302"
"17149,15215"
"17151,3971"
"17173,21523"
"17019,194398"
"17013,4707"
"17053,12875"
"17089,525970"
"17093,125703"
"17009,4753"
"17121,36991"
"17125,13385"
"17075,27352"
"17025,12939"
"17059,5056"
"17133,33918"
"17181,16509"
"17201,280534"
"17153,5485"
"17169,6091"
"17045,17069"
"17007,53182"
"17011,32687"
"17029,47486"
"17033,16575"
"17155,5716"
"17039,15657"
"17103,31039"
"17117,44563"
"17159,15457"
"17189,13804"
"41067,582563"
"41007,38315"
"42023,4529"
"42017,617371"
"42077,355536"
"42031,37524"
"42059,33313"
"42079,305554"
"42037,61230"
"42065,43107"
"42099,45453"
"42113,5690"
"44003,162572"
"44009,119562"
"45071,37043"
"45027,32458"
"45085,104259"
"45011,21029"
"45031,65727"
"45091,261973"
"45021,56072"
"45053,28107"
"45061,15843"
"45001,23747"
"46085,3772"
"46039,4260"
"06021,27673"
"06007,219617"
"06031,136203"
"06063,18265"
"06079,265846"
"06019,967749"
"06029,857625"
"06059,3124355"
"06111,834492"
"06009,45007"
"06101,95082"
"06081,757427"
"06109,50510"
"06077,725395"
"06005,34748"
"08095,4210"
"08007,13087"
"08031,690973"
"08061,1454"
"08055,6500"
"08009,3469"
"08047,5901"
"08063,6922"
"08051,15947"
"08079,808"
"08091,4796"
"08115,2278"
"08123,298809"
"08027,4768"
"08023,3745"
"08035,335163"
"08065,7614"
"08067,53757"
"08097,17792"
"08105,11102"
"08011,3938"
"08025,4802"
"08111,589"
"08069,335338"
"08075,21345"
"08113,8033"
"08119,24402"
"08039,25643"
"08071,13396"
"08073,3500"
"08117,30245"
"08003,15017"
"08029,29210"
"08043,36206"
"08085,41173"
"08087,28102"
"08109,6569"
"08099,11652"
"08014,67575"
"08121,4565"
"08049,15006"
"08089,17829"
"10005,221375"
"11001,653564"
"09009,829009"
"09003,868435"
"47157,918822"
"47077,27590"
"47089,51751"
"47153,14579"
"47017,26957"
"47037,665978"
"47135,7804"
"47121,11997"
"47075,17399"
"47125,196454"
"47061,13157"
"47029,35205"
"47041,19523"
"47101,11774"
"47131,29874"
"47167,60694"
"47045,36827"
"47065,349287"
"47139,16548"
"47185,26394"
"47163,154355"
"36095,29830"
"36035,52473"
"36083,153355"
"36033,44777"
"36081,2259221"
"36115,58346"
"36061,1571263"
"36011,73082"
"36087,317953"
"36063,206956"
"36031,34631"
"36059,1336892"
"36097,17700"
"36017,47222"
"36045,106520"
"36103,1455561"
"36121,37749"
"36075,113572"
"36117,88877"
"36007,183131"
"08053,856"
"36029,891644"
"36105,71392"
"36071,369392"
"37087,60568"
"37067,364214"
"18041,22763"
"18089,479999"
"18107,37011"
"18001,34794"
"18021,25707"
"18037,41534"
"18047,22606"
"18059,74489"
"18067,81175"
"18115,5821"
"18121,15511"
"18135,24546"
"18007,8561"
"18013,14925"
"18133,32120"
"18175,27568"
"18027,32544"
"18065,44770"
"18083,34843"
"18095,123381"
"18125,12136"
"18131,12417"
"18151,33099"
"56021,96307"
"56039,22290"
"48407,28041"
"48459,40469"
"48473,47206"
"48493,48629"
"48219,22311"
"48329,166350"
"48299,20840"
"48147,31419"
"48041,206927"
"48165,20592"
"48179,20792"
"48237,7717"
"48035,17941"
"48029,1922285"
"48023,3499"
"48121,821979"
"48167,326796"
"48393,805"
"48463,26400"
"48037,87732"
"48263,601"
"48425,8520"
"48199,56312"
"48289,17117"
"48351,13748"
"48389,13630"
"48453,1201634"
"48087,2904"
"48143,39743"
"48345,1252"
"48083,8277"
"48325,47558"
"48213,79765"
"48277,48881"
"48267,4334"
"48477,32771"
"48429,8943"
"48003,17943"
"48177,20420"
"48305,5777"
"48505,14267"
"48221,57614"
"48269,237"
"48073,48989"
"48119,5183"
"48253,12779"
"09015,111198"
"09011,255394"
"09007,157025"
"12031,915244"
"09013,135978"
"09001,925839"
"12133,21851"
"12007,23434"
"12009,579371"
"12019,210045"
"12067,7116"
"12069,342071"
"12089,82241"
"12103,946596"
"12105,673475"
"12111,309970"
"12043,12098"
"12051,38724"
"12061,152355"
"12063,40249"
"12109,242178"
"12117,457363"
"12005,179959"
"12035,109273"
"12045,13135"
"12077,6900"
"12097,350140"
"12131,66405"
"12039,42144"
"12065,12081"
"12083,344008"
"12049,24944"
"12093,38046"
"12095,1317997"
"12041,16595"
"12121,42436"
"12001,249429"
"12013,12343"
"12015,177487"
"12029,15006"
"12085,155162"
"12115,413743"
"12081,379961"
"12017,142485"
"12003,25350"
"12113,168523"
"12073,275279"
"12011,1908906"
"12087,73894"
"12053,184193"
"12057,1401281"
"12123,18062"
"12129,28880"
"13189,21150"
"13211,18334"
"13149,11587"
"13095,85443"
"13111,25210"
"13153,151885"
"13175,46396"
"13255,64058"
"13271,12810"
"18171,8147"
"18165,15310"
"18179,27420"
"18003,366984"
"18031,26172"
"18035,107651"
"18043,75918"
"18077,29714"
"18079,27343"
"18081,151232"
"18103,33609"
"18109,68905"
"18051,32818"
"18111,13767"
"18117,19241"
"18141,257612"
"18085,77433"
"18099,45630"
"18155,10583"
"18163,174631"
"18009,11857"
"18143,23361"
"18105,131183"
"18039,200964"
"18025,10465"
"18017,36622"
"18097,935449"
"18177,63589"
"19023,14382"
"19071,6816"
"19079,14798"
"19173,6072"
"19175,12070"
"19195,7342"
"19159,4743"
"19001,6949"
"19037,11828"
"19039,9169"
"19059,16901"
"19103,140775"
"19107,10048"
"19171,16663"
"19179,34333"
"19069,9995"
"19027,19889"
"19031,18143"
"19067,15470"
"19073,8817"
"19115,11047"
"19119,11615"
"37015,18006"
"13291,22710"
"37017,32932"
"37031,67941"
"37117,22707"
"37143,13346"
"37157,89595"
"37029,10518"
"37071,216289"
"37125,95903"
"37167,59397"
"37199,17612"
"37037,70641"
"37101,195151"
"37145,38830"
"37009,26429"
"37107,55413"
"37133,175140"
"37161,65359"
"37197,37273"
"37023,87099"
"38097,7620"
"38021,4719"
"38101,66600"
"38067,6758"
"38041,2373"
"38017,172016"
"38029,3256"
"38077,15039"
"38001,2236"
"38027,2204"
"38057,8317"
"38073,5162"
"38085,4316"
"38033,1735"
"38095,2192"
"38023,2226"
"38081,3834"
"39105,22855"
"39021,38006"
"39057,157499"
"39087,59500"
"39115,14460"
"39175,21713"
"39043,73555"
"39091,44846"
"39153,531857"
"16059,7646"
"16075,23106"
"16009,9056"
"16017,43186"
"16033,889"
"16037,4056"
"16039,26030"
"16043,12459"
"16065,38671"
"16079,12307"
"16049,15721"
"16081,11426"
"16077,7609"
"16087,9925"
"17067,17720"
"17119,259208"
"17063,50313"
"17091,105071"
"17131,15375"
"17043,916050"
"17003,6132"
"17129,12177"
"17099,106346"
"17031,5106417"
"17115,101898"
"17177,44289"
"17191,16329"
"17203,37630"
"17055,38438"
"17109,27101"
"17111,305904"
"20071,1154"
"20051,27547"
"20107,9612"
"20175,21852"
"20091,586769"
"20121,32689"
"20207,3149"
"20135,2831"
"20011,14185"
"20097,2315"
"20177,172865"
"20019,3262"
"20155,60011"
"20043,6950"
"20081,3974"
"20171,4829"
"20013,9510"
"20147,5245"
"20039,2794"
"21079,17308"
"21037,89261"
"21063,5971"
"21123,13913"
"21167,21442"
"21207,17529"
"21229,11551"
"21009,43133"
"21091,8611"
"21093,105884"
"21149,9191"
"21197,12035"
"21033,12544"
"21019,45819"
"21067,308140"
"21115,22017"
"21175,11649"
"21199,63453"
"21001,17831"
"21025,12616"
"21099,18466"
"21223,8502"
"21105,4368"
"21143,6985"
"21135,13274"
"21239,25953"
"21131,9971"
"21127,15567"
"21145,63877"
"46025,3609"
"46015,4941"
"46053,4144"
"46099,182470"
"46077,4857"
"46027,11695"
"46041,5775"
"46065,16427"
"46111,2329"
"46059,3203"
"46135,20926"
"46005,17762"
"46035,18821"
"46073,1975"
"46117,3017"
"46107,2229"
"46023,9051"
"46091,4817"
"46105,2787"
"21153,12362"
"21235,34241"
"21071,35599"
"21117,163247"
"21205,21600"
"21217,24379"
"21039,4725"
"21065,14096"
"22079,126722"
"22105,128488"
"22123,10618"
"22021,9534"
"22035,4422"
"22039,31972"
"22087,45945"
"22121,25156"
"22081,8413"
"22069,37885"
"22025,8488"
"22041,18903"
"22007,22264"
"22113,59337"
"22029,17757"
"23017,56824"
"23019,145069"
"23001,104398"
"23005,283853"
"23031,201134"
"23025,49765"
"24047,50926"
"24041,36744"
"25001,210788"
"25003,119598"
"25023,504009"
"25021,682067"
"25019,10882"
"26005,114890"
"26003,8111"
"26127,25711"
"26035,30203"
"26073,64143"
"26157,51728"
"26007,27981"
"26111,81992"
"26135,8174"
"26037,77671"
"26057,35092"
"26091,93161"
"26117,60703"
"26147,157500"
"26161,346407"
"26027,51107"
"26143,23597"
"26023,41152"
"26075,149082"
"26099,861574"
"26013,7269"
"26045,107695"
"13293,25690"
"13303,18491"
"13311,29088"
"13225,25214"
"13223,159107"
"13229,19072"
"13231,18073"
"13245,191900"
"13251,13573"
"13267,19028"
"13019,18962"
"17135,25828"
"17195,54947"
"17001,64622"
"17027,35389"
"17037,99808"
"17047,6403"
"17079,9521"
"17081,35567"
"17183,74820"
"17197,680059"
"17199,65041"
"17023,15505"
"17041,19436"
"17049,33654"
"17057,32542"
"17061,12849"
"17065,8068"
"17069,3820"
"17073,48555"
"17087,10222"
"17095,46186"
"17105,33703"
"17171,4953"
"17179,130584"
"17187,15987"
"18061,39562"
"18091,102063"
"18169,29471"
"18073,32575"
"18101,9916"
"18127,164596"
"18137,27874"
"18147,20154"
"18159,14925"
"18167,98969"
"18173,61489"
"18033,42477"
"18087,38896"
"18139,16428"
"18011,64880"
"27125,3981"
"26053,13819"
"27093,22744"
"27131,57796"
"27027,59836"
"27045,20521"
"27119,30179"
"27143,14683"
"27165,10821"
"27011,4837"
"27021,28876"
"27057,20805"
"27091,19534"
"27105,21286"
"27141,92295"
"27019,101076"
"27085,35509"
"27123,529201"
"27169,46886"
"27039,20515"
"27035,63270"
"27171,133297"
"27081,5493"
"27095,25350"
"27017,33314"
"27065,15854"
"01115,85740"
"01043,81615"
"01069,103717"
"01125,197134"
"01031,51069"
"01021,43637"
"01037,10377"
"01055,101424"
"01075,13700"
"01013,19505"
"01127,63206"
"01063,8256"
"01011,9811"
"01017,33128"
"02100,2474"
"02110,31660"
"02290,5000"
"02068,1421"
"02105,1985"
"02275,2449"
"04019,996875"
"04007,52594"
"04003,117305"
"04001,70266"
"04027,203925"
"04017,106396"
"05021,14771"
"05043,17400"
"05121,17356"
"05009,36820"
"05079,8363"
"05035,48005"
"05045,118627"
"13049,11830"
"13295,67527"
"13135,909994"
"13013,78766"
"13065,6229"
"13015,103926"
"13097,141989"
"13131,24664"
"13141,6049"
"13313,102743"
"13193,11262"
"13285,68371"
"13145,33531"
"13249,5221"
"13321,20332"
"13093,12384"
"13109,10160"
"13307,2606"
"13103,60153"
"13125,2915"
"13239,2289"
"13051,276446"
"13167,9081"
"13173,10068"
"13195,28960"
"13205,19972"
"13277,38477"
"13233,41695"
"13263,6302"
"13273,8410"
"13275,43853"
"13319,8904"
"13221,14801"
"13243,6800"
"13299,33104"
"13305,27702"
"13315,6731"
"13009,40707"
"13031,67786"
"13061,2898"
"13101,3981"
"13089,736337"
"13143,28867"
"13163,15087"
"13181,7758"
"13213,39482"
"13235,9653"
"13241,16203"
"13281,10788"
"13283,6311"
"13155,9167"
"13001,17905"
"39149,48310"
"39171,35693"
"39029,99264"
"39051,41778"
"39053,29249"
"39099,223438"
"39145,72464"
"39117,34755"
"05089,16296"
"05129,7823"
"05007,262894"
"05059,31436"
"05087,16131"
"08033,1857"
"08057,1248"
"08083,25748"
"08013,310788"
"08125,9879"
"08107,24686"
"08019,9367"
"08101,161799"
"08093,17721"
"08077,147852"
"08041,681229"
"08005,638665"
"10003,539267"
"10001,171638"
"09005,179012"
"12099,1443865"
"12086,2653460"
"12037,10188"
"12047,10996"
"12119,115573"
"12059,17613"
"12071,727292"
"12021,367367"
"12101,517170"
"12055,101584"
"12027,33422"
"12023,65105"
"12107,71863"
"12125,9565"
"12075,40027"
"12127,526669"
"12079,16328"
"12033,295636"
"12091,197870"
"13187,30934"
"13201,5607"
"13219,37913"
"13151,224304"
"13183,18547"
"13257,24998"
"13161,14908"
"13037,4447"
"13021,146908"
"13197,8343"
"13023,11302"
"13119,22188"
"13171,17448"
"13107,21653"
"13159,13825"
"13179,59317"
"13253,8212"
"13289,8172"
"13269,8001"
"13279,26552"
"39135,40655"
"39003,99288"
"39033,41272"
"39059,38597"
"39107,40363"
"39023,131582"
"39093,298372"
"39113,513369"
"39165,221447"
"39007,94376"
"40071,43432"
"40035,13253"
"40017,138231"
"40077,9962"
"40139,20320"
"40127,11022"
"40069,10783"
"40007,5298"
"40063,11829"
"40031,112447"
"40001,22096"
"40137,43080"
"40019,47349"
"40055,4806"
"40091,19410"
"40099,13563"
"40115,30374"
"40145,78721"
"40015,27913"
"40101,64905"
"40013,45511"
"41029,212948"
"41023,7005"
"41005,407349"
"41057,25740"
"41033,85091"
"41059,72357"
"41009,50957"
"41065,24962"
"13011,18708"
"13209,8251"
"13247,88876"
"13309,7706"
"13059,115108"
"13127,83005"
"13157,67046"
"13169,28319"
"13215,188672"
"13259,4106"
"13287,7571"
"13003,8208"
"13007,3128"
"13043,10553"
"13045,113764"
"13081,22296"
"13067,741019"
"13083,14851"
"13027,15464"
"13105,18926"
"13165,8717"
"13217,106745"
"13071,44694"
"13063,278418"
"13139,196956"
"15009,163170"
"16071,4356"
"16045,17197"
"16003,4029"
"16053,23568"
"16061,3804"
"16073,11428"
"16021,11731"
"16029,6867"
"16005,83630"
"16019,113062"
"16027,214310"
"16057,36277"
"17167,192701"
"17157,28345"
"17141,50436"
"17137,30851"
"17193,13477"
"17071,6756"
"17113,164658"
"17145,18609"
"17161,138967"
"17185,11455"
"17035,10711"
"17085,21388"
"17101,13646"
"17123,11399"
"17021,31203"
"17077,53879"
"17143,177525"
"17147,16322"
"17175,5349"
"17005,14821"
"17015,14121"
"17083,20961"
"24027,316369"
"24033,890081"
"24003,554169"
"24005,807647"
"24021,246710"
"24009,90909"
"24023,28535"
"24029,17875"
"24031,1034771"
"02090,94822"
"02050,17171"
"02185,6656"
"02220,8377"
"02130,13524"
"02170,103374"
"02180,9391"
"02070,4568"
"02282,581"
"02164,1276"
"02240,6608"
"02020,286459"
"02013,2322"
"02261,9001"
"02122,56867"
"02230,942"
"02198,6300"
"02195,3179"
"02158,7933"
"04013,4274725"
"04009,34164"
"04023,46058"
"04012,20579"
"04015,204182"
"04005,126779"
"04025,222821"
"04011,9428"
"04021,406078"
"05099,8177"
"05037,16598"
"05039,6551"
"05027,21968"
"05125,118112"
"05141,16451"
"05065,12610"
"05063,36352"
"05083,21076"
"05053,17957"
"05047,17373"
"05109,10579"
"05069,63147"
"05097,8815"
"05127,10312"
"05131,125698"
"05033,62114"
"05017,9897"
"05071,25572"
"05077,7573"
"19125,31456"
"19183,21749"
"19197,12497"
"19029,12801"
"19035,10843"
"19047,16404"
"19057,38683"
"19065,19115"
"19085,13808"
"19109,14692"
"19129,14520"
"19133,8510"
"19139,42234"
"19143,5963"
"19153,470869"
"19187,33672"
"19169,86200"
"19193,99746"
"19013,127391"
"19075,12139"
"19105,19328"
"19131,10384"
"19137,9858"
"19161,9612"
"19149,24725"
"19019,20824"
"19045,46085"
"19053,7215"
"19101,17151"
"19005,13495"
"19113,219026"
"19049,86515"
"19141,13442"
"20187,2022"
"20119,4057"
"20125,31637"
"20151,9037"
"20153,2465"
"20003,7710"
"20053,5338"
"20061,33042"
"20057,33488"
"20167,6828"
"20117,9585"
"20001,12147"
"20023,2630"
"20035,33109"
"20049,2498"
"20059,24946"
"20083,1844"
"20089,2854"
"20159,8981"
"20185,4057"
"20139,15685"
"20031,8128"
"20037,37017"
"20073,6002"
"24017,157195"
"24013,164073"
"24035,49152"
"24037,109362"
"24019,31556"
"24043,141205"
"24045,98434"
"24015,101155"
"24011,32540"
"25025,748223"
"25007,17057"
"25017,1542942"
"25005,545676"
"25013,453270"
"25009,765609"
"25011,69010"
"25027,794775"
"25015,138012"
"26033,33973"
"26115,148299"
"26125,1241037"
"26059,44104"
"26121,166554"
"26089,21245"
"26087,86119"
"26151,40671"
"26083,2096"
"26131,5794"
"26139,276805"
"26001,10224"
"26067,60482"
"26079,17433"
"26021,150119"
"26129,20566"
"26165,32973"
"26039,13681"
"26043,25028"
"26063,30796"
"26065,271730"
"26105,28489"
"26109,22690"
"26113,14848"
"26149,60114"
"26159,73932"
"26011,14867"
"26015,59847"
"26071,10781"
"26019,17288"
"26153,7899"
"26163,1734729"
"26055,89944"
"26097,10492"
"26049,402580"
"20065,2478"
"20099,19575"
"20173,507370"
"20157,4565"
"20045,111912"
"20179,2477"
"20069,5954"
"46121,10130"
"46102,14020"
"53039,21469"
"53027,69821"
"53069,4217"
"53025,94568"
"53061,787341"
"54089,11945"
"54025,34541"
"54057,26428"
"54041,15919"
"54075,8147"
"54083,26681"
"54105,5798"
"54015,8640"
"54061,99809"
"54103,15298"
"54039,180027"
"54077,30785"
"54085,9791"
"54043,20791"
"54007,13822"
"54005,22238"
"54109,21207"
"55033,41071"
"55043,47926"
"55117,112173"
"55078,4510"
"55011,13021"
"55063,112761"
"55073,133791"
"55121,29077"
"55027,83736"
"55125,21511"
"55071,78127"
"55013,15152"
"55029,27122"
"55039,99193"
"55091,7173"
"55103,17039"
"55137,22912"
"55065,16600"
"55093,39254"
"55015,49696"
"55059,164255"
"56019,8384"
"20199,1549"
"20017,2548"
"20189,5491"
"20183,3562"
"20067,7398"
"26009,22948"
"26061,33403"
"26093,188520"
"26069,24837"
"26085,11519"
"26101,23016"
"20131,9804"
"20085,13122"
"20095,7213"
"20109,2770"
"20149,23484"
"20209,163503"
"20021,19938"
"20015,63807"
"20027,7936"
"20105,2982"
"20169,53230"
"20191,22629"
"20195,2752"
"20197,6794"
"20205,8544"
"20123,5926"
"20141,3424"
"20005,14798"
"20055,36168"
"20075,2591"
"20103,74885"
"20201,5349"
"20203,2100"
"20129,2677"
"20137,4578"
"20009,25981"
"20029,8594"
"20047,2775"
"20101,1559"
"20165,2951"
"20115,11157"
"20133,15669"
"20143,5737"
"20161,65045"
"20007,4572"
"20041,18482"
"20087,18656"
"21089,35132"
"21069,14479"
"21043,26435"
"21081,24551"
"21111,751368"
"21141,26525"
"21161,16822"
"21191,14322"
"21201,2059"
"21215,18557"
"21011,12281"
"21007,7913"
"21021,26886"
"21087,10840"
"21095,25998"
"21159,10362"
"21137,24205"
"21171,10473"
"21183,23765"
"21225,13059"
"21233,12659"
"48249,40561"
"48111,7257"
"26077,254543"
"26119,9112"
"26141,12508"
"26051,25042"
"26107,40281"
"26103,62864"
"26123,47539"
"26133,22783"
"26137,24034"
"26025,130134"
"26031,25103"
"26095,5251"
"26081,636850"
"26145,185408"
"26155,67615"
"26017,102732"
"26029,25854"
"26041,35446"
"26047,32614"
"27071,12180"
"27097,32512"
"27113,13918"
"27147,36131"
"27167,6143"
"27001,15571"
"27043,13509"
"27101,8156"
"27067,41712"
"27075,10293"
"27133,9143"
"27135,15157"
"27155,3218"
"27005,33529"
"27053,1221231"
"27015,24005"
"27023,11683"
"27029,8701"
"27049,45241"
"27059,38852"
"27063,9837"
"27099,39017"
"27115,27542"
"27109,152230"
"27159,13228"
"27009,39258"
"27047,29890"
"27061,43951"
"27121,10837"
"27149,9405"
"27151,9210"
"27033,11007"
"27139,143547"
"27157,21289"
"27117,9013"
"27107,6372"
"27103,30988"
"48157,759542"
"48235,1620"
"48489,20327"
"48115,11040"
"48051,17888"
"48355,353080"
"48379,11703"
"48385,3289"
"48431,1194"
"48065,5952"
"48161,18064"
"48197,3911"
"48045,1457"
"48291,76265"
"48301,98"
"48395,16793"
"48401,48911"
"48455,14466"
"48019,21728"
"48075,5747"
"48091,140566"
"48225,19801"
"48349,48065"
"48415,15174"
"48433,1429"
"48021,82235"
"48025,24822"
"48103,4706"
"50021,56684"
"50017,28232"
"50027,54375"
"49049,590032"
"49013,19776"
"49047,35687"
"49011,343295"
"49015,10032"
"49017,4732"
"51093,36370"
"51620,8019"
"51678,4354"
"51089,50567"
"51101,16632"
"51109,35921"
"51147,17630"
"51165,78527"
"21035,35133"
"21045,15432"
"21047,64730"
"21059,97211"
"21085,25941"
"21101,44356"
"21103,15829"
"21107,44322"
"21109,13263"
"21125,59457"
"21157,30578"
"21163,27923"
"21173,27488"
"21181,7052"
"21185,62270"
"27041,36928"
"27051,5848"
"27069,4034"
"27079,27865"
"21227,121302"
"21187,10695"
"21203,16477"
"21209,53322"
"21003,20722"
"21017,19804"
"21029,79799"
"21055,8769"
"21075,5699"
"21119,14551"
"21165,6343"
"21177,30120"
"21193,25986"
"21237,7065"
"21051,18927"
"21013,25905"
"21057,6608"
"21083,36602"
"21129,6469"
"21031,12548"
"21061,11760"
"21097,18343"
"21023,8274"
"21179,45105"
"21231,20229"
"21155,18367"
"21221,14352"
"21015,129808"
"21113,51163"
"21121,30639"
"21133,22053"
"21139,9177"
"21195,58248"
"21211,45785"
"21005,22306"
"21027,19865"
"21073,48661"
"21147,15596"
"21151,84215"
"21169,9907"
"21189,4359"
"21213,17803"
"21049,35530"
"21219,12126"
"21041,10349"
"21053,10032"
"21077,8613"
"22083,19333"
"27173,9535"
"27087,5445"
"27025,53425"
"27127,14895"
"27153,24134"
"27007,44212"
"27013,62963"
"27055,18388"
"27073,6573"
"27077,3719"
"27111,57051"
"27161,17708"
"27137,190772"
"27003,347197"
"27145,150743"
"27037,418770"
"27083,24481"
"27089,9267"
"27129,14299"
"27163,252415"
"27031,5304"
"29103,3852"
"29139,11124"
"29207,28917"
"29007,23750"
"29077,278311"
"29185,9085"
"29197,4502"
"29029,44874"
"29099,221757"
"29143,17215"
"29173,10145"
"30017,11277"
"30075,1563"
"30085,10903"
"30051,2330"
"30083,11133"
"30101,4161"
"30019,1706"
"30045,1952"
"30023,8130"
"30055,1770"
"30087,9062"
"30021,8579"
"30007,5900"
"30071,4001"
"31009,477"
"31049,1817"
"31113,927"
"31169,4908"
"31001,29936"
"31011,5171"
"22099,53518"
"22115,47457"
"22127,12414"
"22033,434027"
"22085,23584"
"22003,21284"
"22065,9305"
"22053,30937"
"22093,21094"
"22043,19180"
"22125,11972"
"22051,431243"
"01099,21018"
"01079,32815"
"01081,155259"
"01093,29366"
"01107,18414"
"01119,11917"
"01073,644021"
"01023,12744"
"01059,31235"
"01091,19080"
"01113,57394"
"01019,25628"
"01039,36499"
"01041,13669"
"01047,38580"
"01077,90423"
"01085,9977"
"01087,16437"
"01083,91786"
"01117,210490"
"01133,23413"
"01003,209822"
"01051,76724"
"01071,51196"
"01121,76915"
"01129,16401"
"01027,13091"
"01103,117300"
"01109,31493"
"01033,54325"
"01045,47935"
"01065,14606"
"01049,70333"
"01053,34155"
"01111,22153"
"01097,406257"
"01105,8483"
"01029,14744"
"01035,12349"
"01005,22475"
"01007,20600"
"01015,111484"
"01025,23768"
"01057,16176"
"31149,1352"
"31163,2972"
"22023,6902"
"22011,36622"
"22013,13233"
"22015,123500"
"22037,15561"
"22095,42553"
"22075,22922"
"22073,148593"
"22117,44572"
"22097,81917"
"22001,61383"
"22101,50112"
"22103,252867"
"22111,21818"
"22017,240815"
"22005,122232"
"22055,236932"
"22045,71046"
"22061,44022"
"22091,10126"
"22119,38221"
"22031,27053"
"22047,29405"
"22063,137932"
"22067,24750"
"22071,376595"
"22109,110636"
"22019,198124"
"22027,13849"
"22009,36900"
"22049,14601"
"22077,21889"
"22089,52185"
"22057,96104"
"22107,4542"
"22059,13533"
"23015,33554"
"23027,38895"
"23021,16469"
"23003,65416"
"23029,30502"
"23013,38183"
"23023,35258"
"23011,117949"
"23007,28843"
"23009,52901"
"24510,585379"
"24039,19680"
"24025,250522"
"24001,63267"
"31015,1909"
"31093,6417"
"31073,1977"
"31153,179999"
"31059,5323"
"31091,627"
"31159,15724"
"31181,3459"
"31023,7853"
"31005,427"
"31067,20986"
"31099,6465"
"31119,34011"
"31137,8836"
"31179,8067"
"31107,8229"
"31121,7617"
"31133,2610"
"31183,783"
"32015,5587"
"32009,963"
"32021,4388"
"32017,4596"
"32031,450887"
"32510,52603"
"33013,143211"
"33001,60014"
"33017,120041"
"34025,615455"
"34037,139422"
"34013,773856"
"34015,286866"
"34031,494904"
"34003,919811"
"34041,103858"
"34005,433849"
"35029,23636"
"35055,32189"
"35007,11612"
"35021,441"
"35037,8242"
"28103,10494"
"28137,26525"
"28107,33951"
"28161,12170"
"19095,15847"
"19189,9905"
"19165,11393"
"19007,12310"
"19145,14109"
"19191,18040"
"19155,91178"
"19127,38794"
"19015,25727"
"19021,19061"
"19089,8983"
"19077,10525"
"19091,9434"
"19121,15823"
"72061,null"
"72053,null"
"72007,null"
"72065,null"
"72133,null"
"72097,null"
"72119,null"
"72011,null"
"72033,null"
"72055,null"
"72087,null"
"72085,null"
"72145,null"
"05073,6668"
"05107,18389"
"05149,21121"
"05011,10680"
"05113,19970"
"05103,23446"
"05081,12189"
"05091,42174"
"05145,74941"
"06033,63204"
"06115,74915"
"06035,20940"
"06097,491248"
"06025,170791"
"06001,1625119"
"06055,135549"
"06091,3008"
"06113,209067"
"06057,98005"
"06045,84972"
"06037,9901850"
"06085,1890995"
"06093,42917"
"06015,24536"
"08015,18160"
"08045,58125"
"08059,565794"
"08103,6039"
"08021,8063"
"08001,500037"
"08037,54580"
"08081,12982"
"08017,1983"
"01101,219950"
"01095,94627"
"01009,57130"
"01067,16804"
"01089,353371"
"01001,54815"
"01123,39912"
"01061,26165"
"01131,10430"
"02016,4436"
"02060,787"
"02150,13115"
"02188,7296"
"47151,21611"
"47107,51819"
"47117,32513"
"47143,31804"
"47001,74749"
"47049,18034"
"47053,48083"
"47069,21401"
"47105,51942"
"47149,310998"
"47159,19541"
"47189,135000"
"47171,17259"
"35027,19252"
"35005,62967"
"35025,67659"
"35049,146411"
"35059,3485"
"35051,10767"
"35053,16341"
"35041,17766"
"35013,210433"
"35028,18524"
"35039,38545"
"35047,26117"
"35061,74581"
"35057,15204"
"35001,669026"
"35035,62409"
"35006,25411"
"35011,2015"
"35019,3564"
"35003,3400"
"36005,1390958"
"36067,443322"
"36019,72812"
"36099,31310"
"36079,96240"
"36043,60874"
"36069,105805"
"36101,94662"
"36041,4382"
"36013,122741"
"36047,2548731"
"36107,48149"
"36073,37838"
"36091,224685"
"36021,57924"
"36049,26229"
"36119,943297"
"36025,42718"
"36057,48237"
"36085,468068"
"36089,97124"
"36109,89065"
"36113,63419"
"36023,44365"
"36027,275549"
"56031,8480"
"56033,29158"
"56003,11634"
"56011,7398"
"56029,28356"
"56001,36061"
"56007,14431"
"56015,12595"
"56041,20212"
"56043,7873"
"56017,4519"
"56013,38961"
"56035,9817"
"56045,6709"
"72009,null"
"72077,null"
"72079,null"
"72001,null"
"72027,null"
"72103,null"
"72105,null"
"72013,null"
"72015,null"
"72115,null"
"72057,null"
"72049,null"
"72063,null"
"72017,null"
"72153,null"
"72005,null"
"72023,null"
"72109,null"
"72149,null"
"72031,null"
"72035,null"
"72069,null"
"72101,null"
"72139,null"
"72091,null"
"72111,null"
"72117,null"
"72125,null"
"72131,null"
"36015,80230"
"36055,716306"
"36065,217603"
"36111,167002"
"36051,57338"
"36077,54425"
"36039,44131"
"36001,289574"
"36003,41842"
"36009,74500"
"36053,66031"
"36093,150200"
"36037,57037"
"36123,23766"
"37079,18553"
"37121,14651"
"37041,13824"
"37005,10856"
"37027,80883"
"37035,155059"
"37045,95583"
"37049,97377"
"37065,51989"
"37077,55603"
"37085,128988"
"37093,52529"
"37089,113512"
"37095,4601"
"37097,174288"
"37119,1059037"
"37131,19104"
"37147,171556"
"37159,135841"
"37181,43740"
"37039,27525"
"37053,26234"
"37179,228754"
"37193,67574"
"37127,91908"
"37003,35858"
"37055,36044"
"37185,18938"
"37195,79901"
"37073,11499"
"37075,8396"
"37115,20372"
"37137,11950"
"37149,20239"
"37151,141654"
"37169,45250"
"37187,11772"
"37043,10908"
"37051,317068"
"37081,508030"
"37099,39156"
"37139,37052"
"37155,129077"
"37173,13967"
"37183,1047127"
"37007,23073"
"37111,44114"
"37069,64790"
"37103,9464"
"37113,34451"
"37019,130921"
"37175,32463"
"37013,46682"
"37047,53040"
"37109,82180"
"37123,26136"
"37135,133099"
"37153,43567"
"37163,62325"
"37171,70978"
"37011,13994"
"37021,249957"
"37025,204912"
"37033,21567"
"37059,41906"
"37057,163520"
"37061,58496"
"37063,297066"
"37091,21797"
"37105,59549"
"37129,220511"
"37141,59197"
"37191,120586"
"37165,32675"
"37189,48926"
"37083,49846"
"37001,158629"
"37177,3349"
"38089,30288"
"38103,3879"
"38013,2177"
"38061,10214"
"38105,34615"
"38007,892"
"38043,2466"
"38019,3696"
"38037,2295"
"38049,5801"
"38091,1744"
"38005,6858"
"38045,4051"
"38059,30216"
"38025,4273"
"38051,2491"
"38063,2826"
"38079,14351"
"38099,10353"
"38009,6215"
"38003,10160"
"38035,65857"
"38053,13104"
"38055,9427"
"38069,3964"
"38075,2391"
"38011,3067"
"38015,91593"
"38047,1790"
"38065,1842"
"38093,19288"
"38071,11092"
"38031,3161"
"38039,2312"
"38083,1409"
"38087,742"
"39159,53540"
"39131,27544"
"39125,18711"
"39061,794983"
"39049,1262035"
"39101,59634"
"39157,91243"
"39169,111998"
"39015,42968"
"39017,368347"
"39067,14936"
"39083,57868"
"39089,169865"
"39139,113969"
"39163,12979"
"39019,26881"
"39063,73837"
"39025,202356"
"39045,151481"
"39039,37581"
"39071,42445"
"39069,26758"
"39081,64038"
"39133,155242"
"39137,33598"
"39013,63964"
"39027,40728"
"39047,28285"
"39127,35679"
"39129,53138"
"39097,38725"
"39119,84125"
"39143,57698"
"39161,27953"
"39167,58766"
"39011,45172"
"39037,50907"
"39123,39777"
"39065,29106"
"39079,32094"
"39077,57416"
"39009,56215"
"39001,27396"
"39103,176522"
"39095,421481"
"39121,12055"
"72021,null"
"72029,null"
"72045,null"
"72075,null"
"72083,null"
"72047,null"
"72095,null"
"72113,null"
"72135,null"
"72137,null"
"72147,null"
"72151,null"
"72003,null"
"72025,null"
"72041,null"
"72043,null"
"72051,null"
"72089,null"
"72019,null"
"72107,null"
"72129,null"
"72037,null"
"72039,null"
"72071,null"
"72073,null"
"72081,null"
"72127,null"
"72143,null"
"72093,null"
"39041,198567"
"39147,52195"
"39151,363358"
"39031,36124"
"39055,92831"
"39073,27808"
"39085,226846"
"39141,71050"
"39035,1218610"
"39075,43005"
"39109,104406"
"39111,13796"
"39155,196531"
"39173,123305"
"39005,51238"
"40043,4826"
"40059,3711"
"40083,44583"
"40143,638364"
"40147,51092"
"40057,2618"
"40061,12606"
"40111,37300"
"40113,45778"
"40067,6002"
"40047,60228"
"40049,27500"
"40121,41859"
"40123,36834"
"40129,3652"
"40153,19625"
"40021,46730"
"40041,41976"
"40045,3959"
"40051,54362"
"40119,73708"
"40125,69076"
"40037,70592"
"40141,7059"
"40149,10936"
"40033,5729"
"40075,8686"
"40079,48668"
"40089,32602"
"40093,7588"
"40097,40486"
"40109,771308"
"40039,27515"
"40085,9955"
"40009,20145"
"40023,14616"
"40065,24442"
"40081,34513"
"40117,16201"
"40133,24178"
"40025,2157"
"40011,8035"
"40029,5514"
"40053,4295"
"40073,15518"
"40105,10139"
"40087,38960"
"40095,16267"
"40103,11077"
"40131,90022"
"40135,41313"
"40003,4740"
"40151,8184"
"40027,267616"
"40107,10688"
"40005,12367"
"41061,25558"
"41047,329310"
"41019,107273"
"41031,22489"
"41053,81331"
"41017,184932"
"41043,123663"
"41071,99292"
"41001,15423"
"41035,65906"
"41041,47954"
"41003,85296"
"41013,22883"
"41055,1629"
"41025,7089"
"41045,26657"
"41063,6871"
"41069,1397"
"41049,11251"
"41011,62594"
"41015,22369"
"41021,1851"
"41027,22196"
"41037,7235"
"41051,785945"
"42103,55106"
"42109,38172"
"42115,40650"
"42039,82206"
"42049,260736"
"42057,14474"
"42067,24344"
"42107,135385"
"42131,26591"
"42001,98278"
"42005,65083"
"42035,37291"
"42025,62960"
"42027,143427"
"42097,87574"
"42095,291617"
"42121,50627"
"42007,162868"
"42069,202636"
"42083,38485"
"42051,126308"
"42091,801464"
"42033,74283"
"42123,39090"
"42075,136381"
"42081,108233"
"42093,17465"
"42019,181243"
"42047,29931"
"42071,529460"
"42085,104242"
"42105,16534"
"42117,40321"
"44005,78989"
"44007,609698"
"44001,44930"
"45003,165574"
"45005,7901"
"45037,24191"
"45023,32131"
"45029,36947"
"45067,31167"
"45063,287105"
"45073,76687"
"45015,211366"
"45019,389264"
"45043,61355"
"45069,23957"
"45007,195588"
"45025,45166"
"45047,67901"
"45051,327650"
"45055,64778"
"45075,84855"
"45083,300049"
"45009,13282"
"45013,180992"
"45017,14483"
"45033,30293"
"45081,19951"
"45079,380471"
"45039,22246"
"45049,18217"
"45045,495500"
"45057,90237"
"45035,156491"
"45041,135450"
"45059,64531"
"45065,8347"
"45077,117666"
"45087,27016"
"45089,29752"
"46003,2592"
"46051,6994"
"46123,5306"
"46137,2791"
"46115,6348"
"46009,5468"
"46011,30886"
"46033,8332"
"46047,6464"
"46057,5840"
"46071,3136"
"46069,1280"
"46049,2012"
"46067,7020"
"46129,5063"
"46017,2022"
"46037,5347"
"46043,2824"
"46063,1227"
"46089,2151"
"46109,10082"
"46119,1296"
"46083,56275"
"46079,12003"
"46081,24069"
"46029,27387"
"46019,10087"
"46031,4147"
"46045,3804"
"46021,1479"
"46007,3387"
"46055,1979"
"46075,793"
"46093,26902"
"46125,8104"
"46013,37600"
"46061,3399"
"46087,5278"
"46095,2010"
"46101,6206"
"46103,106806"
"46127,15260"
"46097,2169"
"53003,22190"
"53001,19332"
"53023,2208"
"53045,62660"
"53057,123786"
"53065,44334"
"53063,489716"
"53043,10445"
"53007,74872"
"53031,30481"
"53035,257827"
"53033,2158241"
"53049,21423"
"53051,13252"
"53055,16594"
"53059,11692"
"53075,42302"
"53077,246088"
"53009,74241"
"53015,105515"
"53019,7373"
"53041,77006"
"53021,89701"
"53017,41645"
"53029,80335"
"53053,857629"
"53071,55212"
"53073,215552"
"54023,11478"
"54027,22746"
"54009,21439"
"54017,7759"
"54031,13723"
"54049,55036"
"54059,24191"
"54029,29115"
"54051,30891"
"54067,24927"
"54093,6803"
"54095,8720"
"54087,13917"
"54091,16443"
"54107,83944"
"54021,6508"
"54053,26075"
"54063,13311"
"54073,6936"
"54011,90338"
"54037,55064"
"54045,32575"
"54071,6856"
"54033,66879"
"54069,39745"
"54013,7272"
"54065,17579"
"54081,72258"
"54079,56317"
"54001,16068"
"54047,17203"
"54099,40140"
"54035,28730"
"54055,58741"
"54097,23215"
"54101,8329"
"54003,114757"
"54019,41966"
"55051,5567"
"55019,33989"
"55109,87890"
"55083,37345"
"55069,27050"
"55135,49688"
"55005,44448"
"55113,16071"
"55047,18507"
"55099,13218"
"55077,15072"
"55075,39563"
"55079,928740"
"29205,5743"
"29225,37754"
"29005,5123"
"29013,15954"
"29015,18856"
"29035,6103"
"29057,7405"
"55045,36488"
"55101,190158"
"55139,162388"
"55041,8689"
"55107,13924"
"55115,40254"
"55067,18910"
"55087,182596"
"55123,30204"
"55021,55695"
"55061,20211"
"55009,254144"
"55035,99425"
"55085,34753"
"55095,42917"
"55129,15465"
"55133,395387"
"55127,100130"
"55023,15438"
"55057,24537"
"55111,63097"
"55131,133940"
"55017,61152"
"55025,522276"
"55031,42128"
"55053,19309"
"55049,23400"
"55089,86836"
"55097,67334"
"55105,159190"
"55119,20125"
"55001,18962"
"55007,14863"
"55081,44950"
"55141,72185"
"55003,15024"
"55037,4259"
"55055,81149"
"56005,46788"
"56023,19168"
"56025,78655"
"56009,13867"
"56027,2139"
"56037,42964"
"47177,40027"
"47179,122774"
"47183,30951"
"47005,15957"
"47007,13642"
"47013,39141"
"47015,13998"
"47083,7936"
"47119,90758"
"48373,45340"
"48391,6981"
"48467,54448"
"48055,38269"
"48487,12137"
"48317,5593"
"29105,35148"
"29115,11951"
"29091,39534"
"29101,49172"
"29125,8703"
"29161,41521"
"29165,99867"
"29187,59616"
"29510,297919"
"29003,17325"
"29023,41612"
"29033,8669"
"29061,8103"
"29087,4327"
"29127,27045"
"29151,13331"
"29181,13519"
"29219,34107"
"29221,23752"
"29043,85051"
"29063,9152"
"29081,8252"
"29107,31957"
"29001,22649"
"29199,4813"
"29211,6027"
"29045,6698"
"29097,117564"
"29111,9128"
"29119,22593"
"29157,18844"
"29167,30204"
"29177,22596"
"30041,15993"
"30015,5653"
"30053,19310"
"30067,16083"
"30103,668"
"30005,6608"
"30097,3648"
"30099,5891"
"30079,1229"
"30035,12944"
"30025,2830"
"30037,728"
"30093,33500"
"30095,9343"
"30043,11636"
"30039,3235"
"30107,2105"
"30057,7987"
"30091,3397"
"30011,1302"
"30003,13228"
"30047,29397"
"30049,66004"
"30073,5786"
"30111,155597"
"30063,113853"
"48387,11974"
"48501,8631"
"48189,31561"
"48419,25148"
"48399,10062"
"48435,3803"
"48451,111807"
"48469,90804"
"48481,41008"
"48485,116725"
"48033,613"
"48315,9906"
"48323,57951"
"48181,128619"
"48297,10693"
"48363,28286"
"48255,12140"
"48123,18432"
"48059,13778"
"48067,29674"
"48183,118782"
"48313,11053"
"48303,292599"
"48257,122348"
"48259,43310"
"48153,5766"
"48017,6887"
"48071,41036"
"48027,337543"
"48061,418127"
"48117,18463"
"48141,821286"
"48283,6460"
"48443,896"
"48457,18863"
"48483,5275"
"48009,8647"
"48043,9121"
"48215,845650"
"48423,221853"
"48105,3418"
"48207,5268"
"48227,31373"
"48333,4716"
"48337,19130"
"48365,22886"
"48403,10374"
"48421,3030"
"48437,6769"
"48231,91365"
"48063,12820"
"48195,5445"
"48187,157125"
"48077,10337"
"48205,4125"
"48383,3731"
"48217,34709"
"48293,22480"
"48347,59850"
"48369,9643"
"48367,132165"
"30027,10805"
"30081,42185"
"30105,7331"
"30013,79108"
"30033,1036"
"30061,4179"
"30069,453"
"30077,5229"
"30089,11443"
"30109,1102"
"30031,103834"
"30059,1864"
"30009,10485"
"30001,8882"
"30029,98679"
"30065,4735"
"31083,3361"
"31185,12730"
"31019,47032"
"31037,10624"
"31087,2777"
"31141,32715"
"31143,5143"
"31013,10762"
"31017,2972"
"31161,5095"
"31109,299827"
"31129,4176"
"31007,722"
"31063,2526"
"31055,547705"
"31147,7816"
"31089,9963"
"31065,4665"
"31151,13345"
"31173,7138"
"31177,20069"
"31031,5670"
"31053,35616"
"31069,1822"
"31123,4615"
"31127,6435"
"31171,645"
"31043,19932"
"31003,6279"
"31029,3711"
"31035,6109"
"31041,10710"
"31061,2908"
"31081,9083"
"31095,7031"
"31101,7992"
"31115,605"
"31135,2868"
"31155,20885"
"31157,35308"
"31103,760"
"31105,3579"
"31111,34475"
"48135,158954"
"48377,6970"
"48465,47087"
"48109,2182"
"48169,4190"
"48173,1510"
"48185,24493"
"48085,969986"
"48005,84384"
"48101,1642"
"48209,206230"
"48039,348728"
"48129,3024"
"48013,49123"
"48353,14641"
"48229,3624"
"48475,11547"
"48203,65117"
"48327,2074"
"48149,24665"
"48491,543285"
"48233,21207"
"48343,12218"
"48361,83270"
"48495,7767"
"48201,4605343"
"48053,45916"
"48171,26131"
"48113,2576842"
"48311,774"
"48503,17765"
"48251,164461"
"48223,36017"
"48357,10067"
"48275,3566"
"48309,241627"
"48095,2195"
"48137,1906"
"48133,17286"
"48243,2177"
"48247,5200"
"48339,569208"
"48127,10309"
"48479,270319"
"48011,1913"
"48069,7590"
"48273,29091"
"48097,39380"
"48107,5758"
"48151,3822"
"48131,10749"
"48031,11375"
"48241,34593"
"48245,238090"
"48271,3404"
"48359,1642"
"48279,12922"
"48295,3357"
"48307,7902"
"48319,4176"
"48125,2083"
"31025,25597"
"31139,7026"
"31165,1219"
"31021,6397"
"31039,8809"
"31051,5636"
"31057,1865"
"31075,677"
"31077,2356"
"31079,60295"
"31085,893"
"31131,15730"
"31145,10342"
"31027,8351"
"31045,7784"
"31097,4116"
"31033,9496"
"31047,23399"
"31071,1946"
"31117,395"
"31125,3404"
"31167,5896"
"31175,4133"
"32001,23669"
"32005,47871"
"32027,4701"
"32011,1854"
"32013,16617"
"32033,8190"
"32007,51432"
"32023,43892"
"32029,3957"
"32003,2159253"
"32019,54152"
"33005,71529"
"33009,83113"
"33015,303852"
"33019,42360"
"33011,404975"
"33007,29496"
"33003,47583"
"34021,350927"
"34011,139048"
"34035,325380"
"34029,589805"
"34001,260130"
"34023,796280"
"34033,61458"
"34009,90550"
"34007,499832"
"34039,546672"
"34017,661850"
"34019,120640"
"34027,484340"
"35023,4183"
"35031,71695"
"35043,141715"
"35017,26887"
"35009,48698"
"48139,172024"
"48287,16562"
"48439,2025559"
"48001,44368"
"48239,14594"
"48265,50116"
"48331,24254"
"48093,13322"
"48145,15521"
"48047,6594"
"48015,29485"
"48261,563"
"48089,20894"
"48409,66223"
"48381,131599"
"48411,5298"
"48413,2983"
"48507,11875"
"48057,21368"
"48155,1239"
"48175,7473"
"48193,8071"
"48335,6484"
"48449,32407"
"48285,19576"
"48445,11535"
"48497,65351"
"48321,36410"
"48371,13467"
"48397,96530"
"48441,130033"
"48447,1432"
"48471,54901"
"48499,42776"
"48007,24070"
"48079,2774"
"48081,3199"
"48099,60524"
"48211,3958"
"48341,21230"
"48375,112778"
"48405,8037"
"48417,3265"
"48427,63487"
"48461,3597"
"48049,36061"
"48191,2983"
"48159,10622"
"48163,15640"
"48281,20599"
"50019,26040"
"50013,7022"
"50007,152776"
"50015,24674"
"50011,48696"
"50005,29020"
"50025,41023"
"50003,34280"
"50001,33852"
"50009,6171"
"28009,8156"
"35015,57065"
"35033,4524"
"35045,124749"
"28037,7643"
"28027,22512"
"28061,16431"
"28067,66514"
"28147,14343"
"28095,35182"
"28115,31357"
"28051,17053"
"28005,12304"
"28089,102458"
"28013,14251"
"28091,24294"
"28141,19202"
"28153,20196"
"28041,9795"
"28093,33478"
"28119,7017"
"28109,53731"
"28079,22172"
"28099,28901"
"28121,147100"
"28151,45505"
"28077,12633"
"28111,11881"
"28017,16727"
"28015,9846"
"28039,23362"
"28043,20740"
"28063,6722"
"28101,20679"
"28117,24152"
"28125,4269"
"28019,8118"
"28045,46700"
"28057,22404"
"28055,1058"
"28059,141177"
"28083,27821"
"28143,9873"
"28021,8326"
"28047,199565"
"28075,72909"
"28085,33622"
"28127,26241"
"28159,17715"
"28007,18078"
"28073,61606"
"28081,84113"
"28135,11799"
"28129,15897"
"28149,45910"
"28023,15714"
"28097,9942"
"28105,44758"
"49053,163828"
"50023,56054"
"49027,12649"
"49045,67033"
"49025,7317"
"49043,40852"
"49019,9549"
"49031,1831"
"49033,2384"
"49051,31540"
"49001,6460"
"49003,53546"
"49021,50597"
"49039,26800"
"49041,20922"
"49057,248391"
"49037,14898"
"49035,1120308"
"49009,504"
"49055,2636"
"49007,19875"
"49029,11664"
"49005,121402"
"49023,11137"
"51095,73848"
"51167,26645"
"51173,30000"
"51540,44098"
"51031,54669"
"51087,324944"
"51099,25976"
"51103,10591"
"51105,22459"
"51115,8648"
"51119,10280"
"51149,34056"
"51159,7257"
"51169,21119"
"51177,132397"
"51011,15634"
"51067,54632"
"51097,7042"
"51121,88855"
"51127,21117"
"51049,9782"
"51051,14285"
"51083,33757"
"51107,393112"
"51153,457446"
"51175,16422"
"51091,2204"
"51033,28099"
"51073,36984"
"51141,17370"
"51145,26206"
"51171,42841"
"51061,69357"
"51790,23077"
"51065,25323"
"28031,18736"
"28155,9682"
"28003,36411"
"28025,19366"
"28053,8299"
"42043,268560"
"42055,151934"
"42119,35782"
"42127,47539"
"42009,47838"
"42089,165739"
"42061,39810"
"42125,201812"
"42101,1530814"
"42133,436669"
"42063,79269"
"42041,236050"
"42003,1187125"
"42129,344564"
"42053,3622"
"42013,119905"
"42073,84461"
"42015,60199"
"42021,126206"
"42029,505155"
"42011,404622"
"42087,45597"
"29129,3572"
"29229,18018"
"29047,239939"
"29065,15346"
"29195,21583"
"29227,1986"
"29079,9672"
"29141,19874"
"29179,6079"
"29189,978211"
"29209,31162"
"29009,35227"
"29019,168654"
"29051,71741"
"29055,23668"
"29093,9792"
"29117,13711"
"29135,14677"
"29155,16472"
"29159,41420"
"29203,8104"
"29175,22648"
"29069,29300"
"29071,102274"
"29089,9300"
"29095,684528"
"29131,24849"
"29171,4682"
"29213,53346"
"29021,84287"
"29025,8848"
"51045,5094"
"51750,14734"
"51840,26863"
"51001,31563"
"51063,15611"
"51071,16635"
"51077,14606"
"51135,13328"
"51157,7365"
"51036,7014"
"51047,49697"
"51053,27709"
"51079,19398"
"51085,103750"
"51111,11308"
"51137,35429"
"51595,5199"
"51197,28623"
"51550,234347"
"51660,45953"
"51003,100226"
"51019,77899"
"51029,14931"
"51195,35416"
"51580,5498"
"51740,91368"
"51810,440254"
"51005,14799"
"51640,6145"
"51193,17622"
"51133,12190"
"51155,33050"
"51187,38704"
"51590,39475"
"51630,26059"
"51009,30677"
"51017,4098"
"51670,22237"
"51700,170691"
"51069,85045"
"51680,70070"
"51199,66525"
"51690,12399"
"51125,14728"
"51143,60035"
"51530,5951"
"51610,14083"
"51730,30673"
"51735,12033"
"51600,22898"
"51820,21963"
"51770,97307"
"51800,89643"
"51710,218185"
"51007,12818"
"51041,339875"
"51059,1136778"
"53047,40684"
"53037,43362"
"29085,9322"
"29037,102645"
"29049,20035"
"29059,16394"
"29113,55702"
"29137,8478"
"29145,57109"
"29163,16187"
"29183,386629"
"29031,75069"
"47031,54465"
"47047,39557"
"47067,6407"
"47073,55958"
"47091,15764"
"47103,33568"
"47111,23453"
"47127,6314"
"47147,69264"
"47051,39703"
"47009,127894"
"47021,39814"
"47019,54772"
"47057,22953"
"47055,28468"
"47097,23170"
"47099,42903"
"47113,93743"
"47115,28240"
"47133,21757"
"47137,5002"
"47181,14620"
"47187,224981"
"47003,47756"
"47059,66721"
"47035,58477"
"47175,5653"
"47025,30476"
"47081,23054"
"47085,18197"
"47141,74262"
"47155,95918"
"47161,13298"
"47023,15910"
"47039,11457"
"47087,11450"
"47109,25503"
"47145,52274"
"47011,102565"
"47063,63212"
"47173,19295"
"47071,25221"
"47043,51944"
"47129,18688"
"47123,45503"
"47079,31742"
"47033,14178"
"47095,4603"
"47093,449805"
"53005,195953"
"53011,469101"
https://api.census.gov/data/2019/acs/acs5/profile?get=DP02_0018E&for=county:*&in=state:*
