17051,22.4,3428
17107,24.1,4906
17165,26.4,4519
17097,18.2,83348
17127,27.1,2718
17017,18.8,1597
18069,20.8,5211
18181,21.4,3560
18075,18.4,2531
18145,18.3,5657
18153,20.7,3089
18157,20.0,21125
18057,15.8,33189
18005,17.7,9883
18049,23.7,3286
18113,18.8,5924
18019,22.9,18498
18063,20.2,22055
18053,20.7,9115
18071,20.7,6203
18119,21.3,3185
18183,19.9,4657
18023,18.5,3915
18161,19.8,999
18029,19.0,6497
18093,19.5,6265
18123,19.3,2622
18129,22.1,3971
18015,22.1,3095
18045,21.4,2462
18149,22.3,3523
18055,21.3,4842
19011,20.9,3711
19061,19.5,12668
19151,23.6,1150
19177,23.8,1196
19003,23.1,615
19009,23.3,940
19051,18.5,1035
19093,21.5,1032
19135,23.1,1243
19167,17.9,3710
19025,23.7,1657
19033,23.3,7112
19083,23.0,2793
19117,23.3,1386
19147,23.4,1436
19087,23.5,3213
19099,21.8,5667
19157,20.3,2444
19043,18.6,2359
19017,18.8,3094
19063,25.2,1629
19081,18.6,1426
19097,20.8,2832
19111,23.4,5670
19181,21.5,7079
19123,20.3,3035
19041,25.4,2892
19055,19.1,2253
13005,21.0,1548
13025,16.5,2109
13017,17.7,1981
13033,18.8,2770
13047,23.9,11003
13053,28.8,1475
13055,18.5,3157
13073,22.0,21985
13087,22.5,3996
13115,19.2,12447
13117,17.3,25581
13137,19.2,5810
13147,21.1,3936
13185,20.5,13960
13191,21.4,2366
13199,24.1,3572
13207,19.3,3675
13237,19.8,3103
13261,19.5,3711
13265,12.2,151
13301,14.2,553
20193,29.4,1472
19185,19.0,831
19163,21.0,24471
20181,28.4,1163
20127,24.9,1006
20163,24.5,880
20025,30.9,436
20077,27.6,1066
20111,23.7,4718
20145,27.3,1352
20033,31.7,396
20063,23.7,456
20079,25.3,5753
20093,20.7,477
20113,23.9,4651
05041,18.8,1469
05049,29.7,2631
05061,23.8,2091
05051,27.8,19838
05093,21.5,5848
05115,20.6,8324
05117,21.3,1274
05139,21.1,5656
05147,17.0,792
05023,20.0,3731
05025,20.0,1138
05067,21.0,2568
05057,20.6,2954
05135,24.6,3051
05137,22.6,2084
05143,20.5,28967
05005,25.4,8080
05003,20.9,2882
05031,20.9,14446
05055,21.1,6356
05105,24.0,1737
05111,21.3,3473
05133,19.2,2053
05013,17.7,657
05019,24.1,3179
05075,23.1,2593
05095,20.3,1019
05029,19.4,2810
05101,24.3,1391
05001,20.4,2536
05085,22.3,10781
05015,23.8,4724
05123,25.7,4599
05119,22.9,61112
06047,22.8,36611
06043,31.1,4246
06049,26.2,1764
06013,21.4,168811
06027,24.8,3278
06099,24.9,85694
06083,21.2,58185
06103,30.5,13361
06051,28.0,2784
06069,25.9,10084
13079,26.0,2264
13029,23.6,5504
13035,17.3,2941
13039,26.7,8989
13099,20.0,1362
13069,17.9,5041
13077,22.7,21706
13123,18.2,4048
13297,21.1,12877
13317,18.6,1288
13091,19.1,2834
13129,21.7,8268
13057,23.3,38697
13113,19.4,14808
13177,23.9,4628
13227,22.2,5078
13133,18.7,2407
13075,19.9,2246
13085,21.3,3727
13121,16.0,111827
15001,22.4,31769
15003,20.3,138230
15007,19.7,10064
15005,22.6,14
16031,26.2,3670
16063,24.2,813
16085,30.3,2583
16041,26.9,2139
16069,27.3,7645
16055,29.7,32365
16067,24.6,3187
16083,26.8,14466
16013,20.1,3189
16015,23.7,1361
16023,31.0,592
16047,19.8,1929
16001,24.3,74881
16007,26.1,1036
16011,26.2,7226
16025,26.8,196
16035,29.5,1999
16051,23.6,3884
41039,28.7,73456
51181,21.9,1086
51043,18.0,1864
51117,21.2,4817
51015,18.8,10376
51075,18.6,3183
51113,20.7,1982
51161,19.7,13299
51025,23.1,2842
51131,18.0,1564
51163,18.2,3102
51720,26.5,727
51570,24.4,2948
51021,21.3,1054
51023,20.7,5071
51520,21.7,2628
51830,14.4,1071
51035,19.3,4300
06075,13.3,92789
06067,24.8,254816
06017,26.7,36556
06053,18.3,50415
06073,22.3,501363
06107,22.5,61027
06023,27.6,25498
06003,23.5,181
06039,24.6,24001
06087,21.3,38324
06105,29.2,2875
06065,24.8,386861
06071,24.4,329045
06041,17.1,32480
06061,25.7,69524
06089,31.8,40243
06095,27.4,83235
06011,20.7,2826
28029,21.5,4069
28049,24.5,37627
28145,20.3,3870
28139,19.4,2776
28035,22.1,10330
28071,18.3,5737
28087,21.1,8275
28157,13.8,862
28065,22.8,1817
28123,17.7,3257
28163,20.3,3998
28011,21.1,4341
28113,20.0,5077
28131,21.3,2573
28069,19.3,1305
28133,20.6,3599
28001,19.0,4232
28033,25.8,30201
42045,16.2,62059
42111,14.1,7807
29123,22.4,1911
29217,20.6,2828
29147,20.6,2569
29041,16.1,848
29223,22.1,2106
29201,21.0,5535
29011,20.7,1671
29039,23.6,2298
29073,21.2,2263
29121,19.2,2015
29149,19.4,1457
29186,20.6,2611
29067,20.0,1920
29083,23.0,3573
29109,22.9,5840
29169,26.6,7698
29215,23.9,4391
29027,19.5,5990
29053,20.6,2512
29075,20.7,928
51650,25.6,23163
51191,18.8,7480
51139,17.9,3106
51510,13.1,15653
51013,7.7,13405
51027,16.9,2769
51179,22.1,20785
51760,18.4,29041
51057,22.4,1763
51185,20.1,6115
51685,17.3,1919
51183,19.1,1607
51683,18.4,4859
51775,20.9,3577
51037,22.4,1890
51081,20.9,1838
53067,25.9,50781
53013,27.2,827
47165,22.5,28290
29133,18.6,1808
29153,22.5,1543
29017,18.8,1641
47169,24.4,1758
47027,15.0,839
17163,24.0,42852
17139,22.5,2226
17149,23.4,2558
17151,27.4,913
17173,20.6,3204
17019,19.6,23956
17013,19.9,694
17053,23.5,2185
17089,21.2,73311
17093,23.0,18204
17009,22.4,1089
17121,26.8,7021
17125,19.6,1937
17075,22.9,4513
17025,22.6,2113
17059,26.2,969
17133,22.8,5502
17181,23.0,2817
17201,24.0,46623
17153,30.5,1187
17169,22.5,1170
17045,23.1,2926
17007,19.6,6864
17011,22.9,5405
17029,24.1,7955
17033,22.5,3093
17155,25.7,1086
17039,24.1,2746
17103,26.3,6579
17117,23.5,7584
17159,22.1,2426
17189,23.7,2394
41067,21.5,87072
41007,31.3,8926
42023,18.7,664
42017,16.4,73234
42077,17.0,42196
42031,12.3,3247
42059,15.4,4045
42079,17.9,40599
42037,15.5,6763
42065,12.9,4016
42099,14.8,4834
42113,15.3,752
44003,20.1,24314
44009,17.4,15058
45071,16.7,4344
45027,18.9,4595
45085,24.7,17351
45011,19.7,2812
45031,20.4,9409
45091,21.9,39222
45021,22.5,8692
45053,19.5,3941
45061,16.0,1956
45001,18.9,3241
46085,23.7,559
46039,20.5,617
06021,24.2,4347
06007,29.6,43620
06031,25.0,23260
06063,33.0,4771
06079,25.6,48332
06019,23.4,141365
06029,22.3,119987
06059,19.9,432294
06111,22.8,129975
06009,33.0,11505
06101,25.8,16176
06081,16.7,92192
06109,31.5,13018
06077,22.8,106367
06005,29.5,8946
08095,18.8,527
08007,26.5,2690
08031,16.5,83799
08061,25.0,249
08055,31.3,1633
08009,25.2,656
08047,28.5,1403
08063,23.3,1213
08051,19.4,2054
08079,27.7,193
08091,26.6,1023
08115,25.7,414
08123,24.1,47401
08027,32.0,1219
08023,32.5,907
08035,19.8,43912
08065,18.2,1011
08067,24.5,9758
08097,13.4,1831
08105,24.2,1855
08011,18.3,828
08025,20.4,791
08111,25.2,122
08069,20.4,46291
08075,22.4,3400
08113,16.7,1011
08119,23.8,4462
08039,24.2,4442
08071,27.4,2881
08073,15.9,656
08117,16.8,3921
08003,25.1,2419
08029,22.7,5063
08043,23.4,8651
08085,25.3,7528
08087,20.9,3840
08109,24.8,1198
08099,25.5,1981
08014,17.7,8295
08121,31.8,1078
08049,22.1,2560
08089,25.2,3061
10005,19.1,32083
11001,12.6,62030
09009,17.1,101941
09003,16.7,104376
47157,22.9,140341
47077,18.3,3555
47089,22.0,8369
47153,20.4,2193
47017,19.2,3698
47037,18.9,89720
47135,18.5,1030
47121,20.7,1824
47075,19.8,2409
47125,25.8,31910
47061,13.9,1311
47029,15.7,4038
47041,16.5,2325
47101,23.2,1965
47131,17.9,3800
47167,25.0,10262
47045,20.8,5314
47065,21.5,54598
47139,22.5,2768
47185,20.4,3839
47163,20.7,23678
36095,18.9,4218
36035,18.6,7164
36083,17.3,19278
36033,18.1,6340
36081,14.5,239160
36115,17.5,7870
36061,9.8,121880
36011,18.8,10448
36087,16.5,33580
36063,19.8,29861
36031,18.4,5282
36059,14.8,139871
36097,22.2,2934
36017,18.5,6360
36045,21.5,15407
36103,17.4,179604
36121,18.2,5290
36075,18.5,14787
36117,19.1,12196
36007,17.9,22869
08053,20.2,142
36029,18.0,116190
36105,17.8,9471
36071,19.9,48339
37087,23.1,10582
37067,21.1,53146
18041,18.6,3013
18089,22.5,73848
18107,22.6,5893
18001,19.2,4073
18021,19.6,3581
18037,14.9,4272
18047,14.7,2282
18059,20.0,10299
18067,23.0,13092
18115,20.0,875
18121,23.1,2777
18135,22.2,3848
18007,23.1,1349
18013,22.3,2544
18133,21.3,5278
18175,19.5,3769
18027,15.0,3082
18065,20.8,7163
18083,19.7,4821
18095,21.5,19329
18125,19.4,1693
18131,21.7,1888
18151,20.3,4824
56021,26.1,17384
56039,18.8,3262
48407,21.2,4224
48459,25.6,7138
48473,23.6,6750
48493,22.4,7406
48219,22.9,3298
48329,23.5,24735
48299,26.7,4498
48147,26.2,6350
48041,19.7,23339
48165,13.9,1576
48179,26.0,3844
48237,21.4,1298
48035,23.7,3108
48029,22.7,283452
48023,21.5,546
48121,22.0,120316
48167,23.6,52590
48393,28.4,159
48463,20.6,3448
48037,25.7,16274
48263,21.4,101
48425,21.9,1365
48199,24.1,9217
48289,20.6,2462
48351,24.4,2399
48389,18.6,1953
48453,17.2,144980
48087,20.8,409
48143,22.8,5521
48345,33.3,293
48083,28.2,1735
48325,24.0,8084
48213,25.1,14377
48277,25.3,8541
48267,23.9,769
48477,21.9,5153
48429,26.3,1654
48003,19.3,2063
48177,15.1,2026
48305,22.9,870
48505,15.6,1253
48221,26.6,11203
48269,19.0,30
48073,23.0,7815
48119,23.7,855
48253,23.5,3458
09015,21.2,17250
09011,20.9,39357
09007,16.9,20155
12031,21.9,140251
09013,17.4,16740
09001,14.3,91683
12133,23.2,4150
12007,21.3,4239
12009,21.8,94827
12019,23.7,34305
12067,20.3,1204
12069,22.8,58318
12089,21.5,13158
12103,21.8,161419
12105,20.9,99464
12111,21.5,48900
12043,20.4,2085
12051,16.6,4263
12061,20.4,24194
12063,22.5,7911
12109,19.9,34513
12117,19.7,63971
12005,25.1,32260
12035,22.7,19069
12045,20.8,2483
12077,16.8,1000
12097,22.0,51159
12131,23.6,11782
12039,21.1,6789
12065,17.7,1940
12083,21.9,57587
12049,13.4,2340
12093,19.3,5591
12095,18.6,168651
12041,18.3,2250
12121,20.5,6373
12001,17.2,27815
12013,19.3,2036
12015,24.0,35790
12029,17.8,2233
12085,22.6,27665
12115,19.8,66442
12081,21.0,60159
12017,23.3,26965
12003,20.7,3949
12113,23.8,29037
12073,19.0,32702
12011,19.6,266479
12087,21.7,12921
12053,24.2,33741
12057,18.6,181017
12123,18.6,2991
12129,25.4,5918
13189,19.6,2773
13211,22.6,2899
13149,20.4,1647
13095,23.2,13321
13111,23.4,4581
13153,24.7,24867
13175,17.6,5579
13255,17.3,7701
13271,8.9,1070
18171,20.2,1190
18165,22.7,2477
18179,21.0,3991
18003,21.8,52863
18031,18.0,3207
18035,21.1,15006
18043,21.2,11293
18077,20.1,4490
18079,21.9,4161
18081,20.1,20600
18103,22.1,5520
18109,21.6,10429
18051,20.8,4741
18111,22.3,2211
18117,18.4,2495
18141,20.0,35179
18085,19.8,10442
18099,18.6,5726
18155,20.0,1450
18163,20.9,25922
18009,18.8,1599
18143,19.8,3250
18105,17.4,14679
18039,19.6,25358
18025,17.7,1307
18017,21.8,5629
18097,19.5,122414
18177,21.3,9688
19023,23.0,2366
19071,24.4,1216
19079,20.2,2129
19173,21.7,924
19175,25.2,2124
19195,24.0,1267
19159,21.7,747
19001,20.6,1055
19037,17.8,1472
19039,22.7,1448
19059,22.3,2848
19103,17.3,15183
19107,20.5,1469
19171,22.5,2609
19179,22.7,5445
19069,22.6,1602
19027,21.9,3007
19031,22.6,2923
19067,19.9,2160
19073,22.5,1417
19115,19.7,1518
19119,18.6,1417
37015,19.4,2798
13291,23.8,4314
37017,22.9,5498
37031,25.7,13403
37117,22.4,3687
37143,27.9,2820
37157,23.5,15353
37029,24.9,1853
37071,22.7,34407
37125,21.3,14945
37167,23.2,9995
37199,22.2,2927
37037,16.7,8694
37101,22.6,29506
37145,21.7,6091
37009,21.2,4307
37107,21.6,8573
37133,27.1,28382
37161,22.3,10698
37197,25.1,6717
37023,22.0,14321
38097,23.0,1251
38021,19.3,641
38101,22.2,9666
38067,23.6,1198
38041,28.7,549
38017,20.6,23071
38029,22.3,544
38077,21.7,2293
38001,23.0,378
38027,21.9,363
38057,24.3,1455
38073,24.5,935
38085,25.3,595
38033,25.4,327
38095,26.0,421
38023,27.2,469
38081,22.8,642
39105,18.3,3015
39021,19.7,5291
39057,21.2,23793
39087,19.0,8043
39115,18.8,1969
39175,17.2,2620
39043,21.1,11314
39091,18.9,5886
39153,20.6,78155
16059,29.9,1769
16075,26.9,4104
16009,25.0,1620
16017,28.3,9140
16033,14.5,80
16037,26.3,840
16039,31.5,5278
16043,25.0,2101
16065,27.2,4445
16079,27.1,2496
16049,25.7,3107
16081,27.1,2089
16077,25.6,1271
16087,26.9,1916
17067,22.4,2903
17119,25.4,46966
17063,26.9,9107
17091,24.2,17610
17131,25.5,2843
17043,18.1,114852
17003,23.6,1063
17129,23.6,2061
17099,25.0,19291
17031,18.6,666607
17115,24.1,17499
17177,27.3,8737
17191,22.1,2546
17203,19.9,5179
17055,28.6,7866
17109,19.6,3581
17111,22.8,47497
20071,20.6,167
20051,20.9,3654
20107,26.8,1833
20175,19.1,2467
20091,18.1,72186
20121,24.9,5645
20207,25.9,598
20135,30.7,646
20011,27.5,2617
20097,24.0,388
20177,23.1,27900
20019,27.1,647
20155,28.1,12092
20043,25.2,1262
20081,26.0,646
20171,25.3,815
20013,25.9,1695
20147,23.1,861
20039,27.0,579
21079,17.1,2116
21037,18.7,11914
21063,16.7,924
21123,21.4,2127
21167,18.9,2849
21207,18.0,2262
21229,13.7,1122
21009,17.2,5143
21091,20.7,1204
21093,25.7,18424
21149,23.3,1506
21197,19.1,1598
21033,20.3,1815
21019,24.0,8188
21067,20.5,42652
21115,19.7,3124
21175,16.8,1656
21199,21.6,9771
21001,16.2,2140
21025,17.3,1593
21099,17.1,2150
21223,14.7,882
21105,16.4,538
21143,21.7,1424
21135,17.0,1609
21239,19.3,3533
21131,13.9,1019
21127,16.5,1782
21145,23.1,10631
46025,19.5,483
46015,18.0,642
46053,23.2,685
46099,20.9,25874
46077,18.5,649
46027,17.5,1216
46041,22.0,684
46065,19.5,2388
46111,16.7,277
46059,23.1,528
46135,20.4,3231
46005,18.8,2278
46035,21.3,2882
46073,17.0,255
46117,21.7,470
46107,22.9,379
46023,19.0,1091
46091,19.6,643
46105,20.0,411
21153,18.8,1646
21235,19.0,4394
21071,20.6,5284
21117,20.9,23561
21205,19.1,2722
21217,20.7,3453
21039,19.8,665
21065,15.7,1591
22079,22.7,19747
22105,20.7,17758
22123,16.5,1268
22021,15.5,1043
22035,17.7,863
22039,15.6,3403
22087,28.3,8564
22121,21.4,3779
22081,17.6,1018
22069,18.1,4157
22025,14.8,983
22041,15.2,2056
22007,14.4,2228
22113,15.7,6279
22029,20.9,2772
23017,19.4,8304
23019,20.2,21741
23001,20.5,15312
23005,16.7,35271
23031,20.3,30451
23025,19.4,7234
24047,22.9,9001
24041,18.4,5140
25001,18.6,30907
25003,18.7,17308
25023,18.1,65002
25021,13.7,67281
25019,15.9,1306
26005,21.7,17109
26003,20.7,1448
26127,22.5,4075
26035,26.4,5931
26073,22.4,8667
26157,23.0,8734
26007,25.9,5477
26111,19.9,11597
26135,27.2,1667
26037,24.8,13365
26057,25.7,7248
26091,23.9,16355
26117,25.2,11112
26147,25.8,29065
26161,17.6,40451
26027,24.8,9125
26143,26.7,5047
26023,24.7,7495
26075,25.8,28423
26099,24.6,151155
26013,22.2,1384
26045,27.5,21086
13293,21.3,3814
13303,18.9,2694
13311,22.6,4734
13225,23.3,4123
13223,24.9,25788
13229,18.9,2451
13231,22.2,2776
13245,22.7,30012
13251,20.4,1984
13267,18.3,3278
13019,17.4,2297
17135,22.1,4635
17195,24.6,9679
17001,23.7,10911
17027,22.2,5920
17037,24.1,14800
17047,25.6,1156
17079,19.0,1275
17081,26.2,6929
17183,21.9,11578
17197,21.4,96777
17199,26.2,12480
17023,18.9,2069
17041,22.0,2885
17049,20.5,4798
17057,25.3,6430
17061,22.0,2051
17065,24.7,1430
17069,23.4,699
17073,22.4,7761
17087,25.4,2343
17095,23.0,8075
17105,21.9,5564
17171,19.9,707
17179,23.6,22019
17187,23.0,2579
18061,21.2,5942
18091,21.2,16396
18169,19.4,4208
18073,22.5,5070
18101,19.3,1371
18127,20.6,23830
18137,18.3,3514
18147,18.0,2592
18159,15.6,1686
18167,22.6,15665
18173,20.8,8908
18033,20.4,5897
18087,15.5,3502
18139,20.2,2327
18011,18.0,7776
27125,23.3,654
26053,24.0,2773
27093,23.7,3735
27131,19.5,8171
27027,22.2,8574
27045,22.5,3252
27119,22.3,4736
27143,22.5,2318
27165,18.1,1341
27011,21.3,778
27021,25.7,5472
27057,22.9,3503
27091,22.7,3192
27105,19.2,2689
27141,24.9,15330
27019,17.4,11508
27085,23.5,5823
27123,18.7,67809
27169,22.2,6961
27039,20.6,2808
27035,25.8,11839
27171,22.5,19534
27081,21.5,858
27095,24.3,4327
27017,26.3,6574
27065,25.6,2934
01115,23.2,14221
01043,22.6,13063
01069,23.4,16920
01125,20.9,27003
01031,24.1,8489
01021,16.8,5038
01037,20.9,1727
01055,24.8,17890
01075,21.8,2146
01013,16.4,2262
01127,22.5,10097
01063,24.3,1405
01011,17.9,1269
01017,22.3,5296
02100,29.2,540
02110,29.5,6646
02290,28.8,991
02068,24.9,405
02105,25.4,434
02275,23.4,451
04019,25.1,172601
04007,30.9,12138
04003,28.8,25213
04001,28.2,12691
04027,24.8,32837
04017,29.9,21122
05021,21.8,2297
05043,21.8,2542
05121,23.8,2909
05009,29.1,7567
05079,18.3,1888
05035,23.7,7347
05045,23.0,17481
13049,18.3,1678
13295,21.9,10612
13135,18.9,110484
13013,23.4,12127
13065,21.1,933
13015,24.1,16963
13097,21.8,20199
13131,18.4,3121
13141,17.3,1141
13313,18.6,12522
13193,24.2,2305
13285,22.6,10333
13145,27.1,6476
13249,29.3,994
13321,18.2,2584
13093,18.5,1839
13109,16.6,1195
13307,16.6,312
13103,21.9,8622
13125,22.0,450
13239,19.1,336
13051,24.7,48001
13167,14.3,1000
13173,16.5,1131
13195,17.9,3616
13205,20.3,3089
13277,17.4,4495
13233,20.3,5578
13263,17.2,808
13273,25.9,1551
13275,20.1,6119
13319,17.0,1064
13221,15.4,1615
13243,21.8,1021
13299,18.8,4591
13305,20.3,4063
13315,17.9,1140
13009,19.8,5565
13031,23.9,10171
13061,19.3,423
13101,16.2,453
13089,17.4,88590
13143,24.8,4934
13163,16.7,1776
13181,18.8,1084
13213,17.9,4739
13235,22.9,1911
13241,21.1,2673
13281,21.3,1810
13283,13.9,655
13155,15.9,990
13001,19.1,2344
39149,19.6,6349
39171,22.7,5818
39029,19.5,14449
39051,21.0,6030
39053,16.4,3401
39099,21.4,35097
39145,20.4,10754
39117,20.9,5048
05089,24.6,3101
05129,21.4,1239
05007,20.0,34756
05059,26.6,6455
05087,17.3,1939
08033,24.6,344
08057,32.3,315
08083,24.8,4608
08013,15.1,32127
08125,24.5,1625
08107,19.2,3554
08019,21.3,1571
08101,27.2,30902
08093,26.8,3787
08077,26.3,27409
08041,24.0,108713
08005,20.4,89431
10003,17.6,67553
10001,22.6,26645
09005,18.3,24673
12099,18.8,201641
12086,15.1,289122
12037,19.2,1751
12047,15.9,1647
12119,21.9,24551
12059,21.7,3057
12071,20.3,112872
12021,17.0,47858
12101,21.5,82001
12055,21.4,16911
12027,13.2,3492
12023,24.8,12023
12107,20.1,10507
12125,21.3,2388
12075,20.9,6181
12127,23.4,93113
12079,17.0,2307
12033,24.0,50677
12091,25.0,35075
13187,21.2,4321
13201,21.9,901
13219,15.7,3928
13151,22.3,32468
13183,28.0,3283
13257,15.9,2775
13161,21.7,2110
13037,22.3,1051
13021,22.9,22838
13197,21.3,1289
13023,20.0,1573
13119,17.7,2739
13171,23.2,2812
13107,17.1,2542
13159,22.5,2173
13179,29.4,10435
13253,22.4,1344
13289,18.3,1130
13269,21.9,1238
13279,19.1,3359
39135,20.9,6014
39003,21.0,14529
39033,18.6,5486
39059,18.6,5077
39107,17.2,4641
39023,22.8,21004
39093,23.1,49022
39113,24.7,89895
39165,16.6,25579
39007,19.6,13444
40071,24.2,7131
40035,22.9,2307
40017,25.3,23500
40077,21.0,1475
40139,20.4,2582
40127,20.8,1640
40069,21.8,1623
40007,23.9,850
40063,22.4,2080
40031,27.9,21568
40001,18.1,2595
40137,23.1,6984
40019,22.8,7335
40055,27.0,1136
40091,21.0,3036
40099,21.9,2123
40115,23.9,4890
40145,25.2,13504
40015,23.1,4516
40101,21.1,9642
40013,25.6,7941
41029,27.6,42825
41023,27.1,1499
41005,25.3,73295
41057,28.8,5675
41033,32.7,20855
41059,26.4,13334
41009,28.7,10551
41065,28.1,5137
13011,18.4,2382
13209,19.5,1175
13247,21.5,12681
13309,12.9,699
13059,17.1,12152
13127,24.0,14169
13157,19.9,9141
13169,20.9,4114
13215,25.7,32704
13259,15.7,769
13287,19.6,1089
13003,13.3,694
13007,19.0,427
13043,20.8,1494
13045,24.1,17892
13081,22.6,3421
13067,19.1,96314
13083,18.6,2072
13027,22.0,2434
13105,18.9,2526
13165,21.7,1271
13217,25.6,17757
13071,16.9,4977
13063,23.2,40816
13139,20.1,26117
15009,23.4,27584
16071,31.6,865
16045,24.2,2894
16003,27.1,870
16053,21.5,3099
16061,31.0,841
16073,22.8,1721
16021,22.5,1835
16029,28.7,1265
16005,28.9,15667
16019,25.5,17674
16027,26.2,35063
16057,22.8,5096
17167,22.6,30923
17157,24.6,5764
17141,24.1,8562
17137,23.8,5656
17193,23.8,2361
17071,20.8,1057
17113,18.8,19674
17145,23.1,3557
17161,25.4,25147
17185,24.2,1981
17035,20.5,1559
17085,23.0,3705
17101,21.1,2505
17123,24.5,2062
17021,21.5,5083
17077,24.6,8625
17143,23.1,28375
17147,19.1,2218
17175,20.2,785
17005,22.0,2578
17015,23.9,2547
17083,20.2,3075
24027,13.9,29820
24033,21.7,133433
24003,19.2,75508
24005,19.3,111297
24021,19.0,32485
24009,23.4,14620
24023,16.3,3499
24029,17.6,2459
24031,13.4,95992
02090,31.1,19210
02050,18.0,1764
02185,22.9,1489
02220,23.4,1440
02130,29.4,2834
02170,28.6,19529
02180,23.6,1303
02070,23.0,665
02282,29.2,129
02164,24.0,220
02240,27.0,1221
02020,25.4,48733
02013,25.1,657
02261,27.0,1752
02122,27.6,11212
02230,30.0,260
02198,26.9,1201
02195,22.8,501
02158,16.8,674
04013,24.1,694273
04009,30.9,7314
04023,21.3,6254
04012,27.3,4383
04015,29.5,46648
04005,23.9,19844
04025,29.7,52115
04011,30.7,1799
04021,27.6,82696
05099,23.1,1350
05037,20.9,2405
05039,23.3,1199
05027,19.1,2798
05125,23.6,19504
05141,21.1,2580
05065,22.1,2251
05063,23.3,5846
05083,20.4,3122
05053,21.5,2737
05047,22.8,2740
05109,24.2,1819
05069,23.0,10797
05097,22.8,1526
05127,21.4,1498
05131,24.0,20411
05033,23.2,9799
05017,21.6,1609
05071,18.4,3200
05077,18.8,1267
19125,19.8,4342
19183,19.4,2881
19197,26.4,2333
19029,20.3,1896
19035,21.7,1776
19047,20.4,2266
19057,24.7,6765
19065,22.6,3108
19085,24.2,2390
19109,23.1,2434
19129,22.5,2326
19133,26.7,1693
19139,19.5,5586
19143,19.6,834
19153,20.4,64942
19187,22.9,5637
19169,17.9,9099
19193,21.5,14127
19013,20.7,17359
19075,19.7,1699
19105,21.4,3135
19131,19.8,1441
19137,23.7,1656
19161,22.8,1581
19149,23.5,3946
19019,20.8,2909
19045,22.2,7261
19053,19.2,929
19101,22.5,3070
19005,18.7,1804
19113,21.6,32457
19049,16.9,9634
19141,19.6,1881
20187,24.9,318
20119,22.0,605
20125,28.0,6155
20151,25.4,1547
20153,27.9,515
20003,24.3,1269
20053,28.3,1279
20061,30.9,5649
20057,20.2,4101
20167,28.1,1415
20117,20.9,1416
20001,28.4,2432
20023,23.9,457
20035,26.1,6102
20049,22.7,427
20059,24.6,4204
20083,28.9,379
20089,25.1,553
20159,29.6,1843
20185,23.6,680
20139,23.8,2613
20031,27.0,1577
20037,24.7,5738
20073,29.1,1283
24017,24.1,25692
24013,19.0,22168
24035,19.1,6717
24037,18.8,13966
24019,22.1,5104
24043,20.9,21949
24045,20.1,12985
24015,22.2,15779
24011,17.9,4028
25025,13.4,74354
25007,19.8,2533
25017,12.3,138671
25005,18.0,70561
25013,18.6,59069
25009,16.2,88031
25011,17.3,9176
25027,17.5,99561
25015,14.7,14724
26033,26.7,6945
26115,24.1,25346
26125,20.4,179980
26059,23.4,7326
26121,25.7,30438
26089,19.9,3337
26087,25.9,16200
26151,23.6,6936
26083,16.6,283
26131,22.5,1094
26139,21.3,37913
26001,24.6,2093
26067,24.8,10846
26079,24.1,3065
26021,23.5,25335
26129,25.4,3982
26165,25.5,5895
26039,26.5,2775
26043,23.8,4428
26063,21.2,4887
26065,23.6,41688
26105,23.1,4839
26109,22.9,3938
26113,22.0,2301
26149,24.3,9939
26159,23.9,12370
26011,22.8,2597
26015,23.4,9913
26071,21.3,1853
26019,21.8,2893
26153,21.4,1320
26163,24.1,285031
26055,25.1,16716
26097,24.4,2043
26049,26.8,74893
20065,25.0,475
20099,28.0,3872
20173,24.1,80077
20157,22.7,775
20045,19.5,13617
20179,24.5,445
20069,22.1,836
46121,27.7,1365
46102,26.8,1949
53039,23.0,3717
53027,28.2,14888
53069,29.3,967
53025,23.1,13425
53061,25.5,141195
54089,23.0,2293
54025,20.2,5238
54057,18.8,3645
54041,17.4,2017
54075,13.1,849
54083,14.7,3088
54105,21.3,899
54015,11.2,683
54061,16.2,10644
54103,17.0,1891
54039,19.3,25578
54077,17.4,4317
54085,14.3,1027
54043,18.8,2766
54007,13.8,1441
54005,14.8,2367
54109,16.5,2543
55033,20.5,5600
55043,19.9,6321
55117,21.2,16955
55078,21.4,564
55011,17.8,1696
55063,21.6,16286
55073,18.7,17526
55121,18.2,3656
55027,21.3,13473
55125,24.9,4255
55071,21.3,12111
55013,24.3,2854
55029,20.9,4503
55039,21.0,15020
55091,20.7,1084
55103,20.0,2456
55137,20.6,3766
55065,19.6,2241
55093,21.7,5729
55015,19.4,6601
55059,23.6,26629
56019,28.6,1734
20199,25.9,277
20017,31.0,565
20189,29.7,1044
20183,23.2,627
20067,24.8,1093
26009,22.2,3871
26061,18.0,3807
26093,24.0,31897
26069,24.9,4856
26085,21.6,1980
26101,22.7,4173
20131,18.4,1217
20085,27.4,2449
20095,28.4,1476
20109,30.3,580
20149,23.6,3562
20209,21.1,22055
20021,27.6,3824
20015,26.3,11540
20027,21.4,1208
20105,27.7,591
20169,25.9,9613
20191,24.5,3833
20195,26.2,559
20197,26.5,1253
20205,26.6,1595
20123,25.9,1075
20141,25.8,654
20005,24.3,2465
20055,23.4,5030
20075,15.1,252
20103,23.8,12991
20201,20.9,807
20203,24.9,374
20129,28.2,525
20137,25.4,1015
20009,23.2,4143
20029,23.5,1409
20047,30.9,652
20101,28.0,299
20165,27.1,593
20115,27.2,2234
20133,28.1,3032
20143,25.9,1058
20161,23.3,8807
20007,29.0,933
20041,26.4,3447
20087,24.3,3223
21089,24.4,6182
21069,17.3,1703
21043,20.2,3762
21081,18.8,3027
21111,22.4,118585
21141,17.5,3226
21161,20.3,2387
21191,20.1,2028
21201,17.8,268
21215,22.7,2949
21011,13.9,1141
21007,24.0,1348
21021,21.2,4238
21087,17.7,1402
21095,18.1,3376
21159,15.0,1272
21137,16.5,2791
21171,14.3,1064
21183,20.1,3287
21225,22.4,2130
21233,16.2,1461
48249,20.1,5168
48111,23.7,1071
26077,23.3,38368
26119,20.7,1527
26141,23.8,2363
26051,24.8,4666
26107,22.0,5934
26103,21.9,9759
26123,22.2,7483
26133,21.4,3492
26137,25.0,4358
26025,24.1,21950
26031,23.1,4495
26095,25.7,1230
26081,21.7,93070
26145,24.8,32747
26155,26.9,12921
26017,25.2,18781
26029,23.3,4487
26041,26.0,6879
26047,25.1,6037
27071,28.8,2698
27097,22.9,5262
27113,22.5,2195
27147,20.8,5101
27167,19.9,875
27001,24.4,3014
27043,23.0,2268
27101,22.4,1335
27067,23.9,6877
27075,21.6,1751
27133,22.2,1410
27135,26.5,2757
27155,23.9,602
27005,23.0,5357
27053,18.3,157902
27015,23.6,4095
27023,23.4,1931
27029,21.7,1311
27049,22.4,7309
27059,28.1,7601
27063,23.9,1705
27099,21.2,5694
27115,24.6,5250
27109,17.9,18688
27159,24.5,2268
27009,23.7,6346
27047,22.9,4989
27061,26.8,8745
27121,22.9,1840
27149,17.5,1024
27151,22.0,1463
27033,21.3,1666
27139,19.6,18327
27157,23.3,3594
27117,21.3,1321
27107,22.3,1005
27103,21.1,4666
48157,19.3,94511
48235,27.8,289
48489,16.4,2185
48115,19.6,1588
48051,21.1,2658
48355,23.5,55352
48379,23.6,2063
48385,25.7,579
48431,22.6,175
48065,24.2,997
48161,23.3,3249
48197,26.2,725
48045,24.5,257
48291,23.9,12959
48301,40.8,29
48395,26.7,3095
48401,24.5,9022
48455,27.0,2859
48019,26.0,4393
48075,23.2,1200
48091,22.9,22617
48225,22.3,3715
48349,24.3,7752
48415,23.0,2557
48433,29.0,287
48021,25.0,13878
48025,25.6,5633
48103,23.4,679
50021,18.7,7982
50017,17.0,3611
50027,17.3,7187
49049,26.7,80014
49013,28.9,3405
49047,28.5,5966
49011,26.2,52792
49015,32.0,2022
49017,20.1,694
51093,22.4,5899
51620,23.3,1344
51678,18.2,582
51089,21.0,7931
51101,26.4,3042
51109,20.8,5455
51147,20.3,2642
51165,15.8,8692
21035,23.4,5662
21045,16.0,1760
21047,25.5,10355
21059,22.7,15378
21085,20.9,3727
21101,23.1,7371
21103,23.2,2531
21107,20.4,6461
21109,11.9,1118
21125,20.0,8349
21157,22.0,5000
21163,22.6,4358
21173,23.2,4420
21181,16.3,792
21185,22.9,9978
27041,20.8,5588
27051,23.7,1002
27069,23.7,730
27079,21.7,4193
21227,20.7,16131
21187,13.8,1042
21203,18.7,2216
21209,22.9,8152
21003,18.9,2722
21017,22.7,3190
21029,22.6,12649
21055,20.0,1275
21075,22.1,959
21119,17.6,1864
21165,15.5,728
21177,15.9,3461
21193,20.3,3800
21237,19.2,994
21051,15.6,2270
21013,14.7,2784
21057,19.2,937
21083,21.6,5431
21129,18.2,903
21031,14.2,1280
21061,19.9,1751
21097,19.8,2567
21023,18.5,1062
21179,24.4,7548
21231,17.1,2515
21155,15.6,2007
21221,26.2,2699
21015,24.5,20995
21113,18.9,6576
21121,16.7,3513
21133,15.7,2501
21139,22.5,1512
21195,17.4,7370
21211,22.9,7414
21005,22.5,3463
21027,19.3,2705
21073,21.1,7513
21147,18.5,2239
21151,20.1,11195
21169,17.5,1228
21189,12.3,379
21213,19.2,2358
21049,22.8,5773
21219,17.5,1425
21041,22.9,1643
21053,16.5,1176
21077,20.2,1179
22083,19.7,2719
27173,23.9,1635
27087,23.6,791
27025,25.6,9813
27127,23.9,2495
27153,22.2,3744
27007,23.2,6628
27013,21.0,8176
27055,21.5,2871
27073,23.8,1184
27077,28.1,790
27111,22.6,9368
27161,21.7,2806
27137,24.9,33903
27003,22.9,54544
27145,22.3,21851
27037,20.7,58997
27083,21.5,3527
27089,20.6,1348
27129,25.5,2607
27163,20.3,34994
27031,21.5,920
29103,20.2,540
29139,18.9,1549
29207,20.3,4169
29007,18.3,3218
29077,25.4,48164
29185,22.0,1533
29197,21.9,658
29029,22.9,7883
29099,24.9,38506
29143,15.9,1924
29173,18.5,1350
30017,26.0,2140
30075,31.9,387
30085,29.5,1898
30051,24.6,427
30083,26.1,1938
30101,24.3,872
30019,25.9,332
30045,24.5,364
30023,24.0,1659
30055,25.9,318
30087,29.3,1686
30021,21.8,1380
30007,25.5,1095
30071,27.9,804
31009,24.1,87
31049,29.2,395
31113,28.0,173
31169,23.4,838
31001,25.6,5270
31011,22.5,826
22099,19.0,6817
22115,21.8,6572
22127,14.7,1498
22033,22.7,63644
22085,18.5,3065
22003,17.5,3135
22065,18.8,1417
22053,18.2,3778
22093,20.7,3026
22043,19.1,3061
22125,21.9,2530
22051,22.3,68006
01099,16.7,2456
01079,18.0,4189
01081,22.7,21993
01093,22.8,4843
01107,22.9,3321
01119,23.4,1893
01073,21.7,97742
01023,20.8,1938
01059,18.2,3791
01091,20.8,2725
01113,23.4,9088
01019,20.2,3806
01039,21.1,5554
01041,16.3,1584
01047,20.1,5269
01077,21.0,13388
01085,15.2,1070
01087,24.0,2890
01083,20.4,13456
01117,22.1,32208
01133,20.6,3539
01003,21.8,32998
01051,19.6,11001
01071,18.6,6882
01121,23.1,12958
01129,18.3,2081
01027,18.8,1777
01103,22.5,18521
01109,21.3,4119
01033,21.5,8384
01045,25.7,8612
01065,18.9,1879
01049,18.3,8765
01053,17.6,4542
01111,20.0,3157
01097,21.4,59555
01105,19.9,1171
01029,19.9,2089
01035,12.7,1118
01005,18.8,3382
01007,16.4,2659
01015,25.0,19759
01025,18.6,3115
01057,22.2,2595
31149,24.5,249
31163,26.9,596
22023,23.1,1113
22011,22.3,5511
22013,20.1,1899
22015,25.0,20852
22037,18.3,2615
22095,24.0,6900
22075,23.8,3645
22073,22.6,22873
22117,17.9,5638
22097,15.5,8339
22001,17.8,7314
22101,14.9,5157
22103,23.5,41041
22111,17.6,2767
22017,22.4,37105
22005,21.4,17037
22055,20.1,32483
22045,16.6,7770
22061,20.0,5177
22091,15.4,1141
22119,19.2,5223
22031,19.4,3587
22047,18.8,4341
22063,20.7,18980
22067,17.5,2985
22071,21.5,59525
22109,18.8,13937
22019,23.0,30661
22027,19.5,2335
22009,20.5,5680
22049,18.0,2021
22077,19.6,3011
22089,22.6,7939
22057,15.7,10421
22107,17.1,542
22059,16.0,1596
23015,17.7,4670
23027,20.1,5868
23021,18.2,2351
23003,20.9,10524
23029,20.1,4636
23013,19.3,5781
23023,18.1,4807
23011,20.8,18313
23007,19.2,4139
23009,20.1,8348
24510,19.4,82234
24039,21.4,3648
24025,21.2,37035
24001,19.6,9772
31015,24.0,349
31093,25.9,1156
31073,22.4,353
31153,24.0,27835
31059,21.4,869
31091,19.2,98
31159,21.5,2330
31181,22.1,542
31023,21.2,1175
31005,24.5,70
31067,21.7,3299
31099,29.3,1294
31119,21.6,4956
31137,27.4,1721
31179,20.5,1092
31107,22.7,1327
31121,31.4,1730
31133,19.1,367
31183,28.7,174
32015,23.2,897
32009,24.8,199
32021,32.3,1049
32017,24.7,918
32031,25.7,81282
32510,28.8,11328
33013,18.3,19562
33001,20.9,9435
33017,19.2,16241
34025,16.6,72209
34037,19.7,19929
34013,16.8,89670
34015,18.8,37820
34031,15.8,52739
34003,14.6,95755
34041,19.1,14420
34005,19.2,60199
35029,16.5,2541
35055,26.4,6429
35007,28.2,2577
35021,22.3,79
35037,20.5,1217
28103,15.0,1040
28137,21.1,3920
28107,17.0,3844
28161,21.4,1835
19095,24.4,2755
19189,22.7,1619
19165,21.4,1763
19007,25.2,2240
19145,23.8,2655
19191,17.1,2272
19155,23.8,15048
19127,20.2,5359
19015,22.8,4227
19021,18.6,2337
19089,19.9,1247
19077,23.3,1755
19091,18.5,1241
19121,20.7,2277
05073,17.2,845
05107,25.4,3049
05149,20.5,2969
05011,19.7,1480
05113,25.2,3537
05103,22.6,3700
05081,25.9,2248
05091,28.3,8384
05145,16.8,8562
06033,29.0,13443
06115,30.9,14829
06035,27.1,6121
06097,25.0,89687
06025,23.7,26061
06001,17.2,201377
06055,22.9,22483
06091,34.0,822
06113,19.8,25283
06057,28.2,21395
06045,28.7,17816
06037,19.0,1306985
06085,15.0,200910
06093,30.0,9504
06015,26.0,5109
08015,24.2,3764
08045,20.4,8031
08059,21.2,88076
08103,27.3,1152
08021,26.8,1416
08001,22.0,71438
08037,16.4,6300
08081,23.7,2109
08017,22.3,298
01101,21.4,32166
01095,22.4,14352
01009,21.4,8533
01067,20.8,2525
01089,20.2,49989
01001,20.0,7455
01123,20.7,5928
01061,21.7,4046
01131,18.9,1346
02016,26.3,1084
02060,26.9,171
02150,24.8,2220
02188,18.2,764
47151,19.7,2951
47107,19.9,7470
47117,21.3,4837
47143,20.7,4573
47001,22.6,12258
47049,16.8,2182
47053,20.7,6926
47069,17.1,3114
47105,20.0,7676
47149,23.5,46647
47159,17.7,2410
47189,22.0,20632
47171,22.0,2947
35027,26.7,3925
35005,23.7,9824
35025,21.7,9169
35049,19.4,21452
35059,17.8,539
35051,25.0,2161
35053,16.8,1854
35041,22.6,2439
35013,21.7,28385
35028,14.1,1865
35039,27.3,7281
35047,26.2,5149
35061,23.9,12266
35057,24.3,2619
35001,23.0,107125
35035,28.4,12396
35006,26.3,4773
35011,30.9,354
35019,20.5,677
35003,23.9,679
36005,17.4,161707
36067,17.7,56019
36019,17.0,9371
36099,16.3,4032
36079,17.2,12134
36043,18.6,8123
36069,17.7,13680
36101,16.6,11334
36041,22.6,807
36013,17.7,15871
36047,13.1,233067
36107,17.7,6154
36073,21.2,6257
36091,15.9,25936
36021,16.0,7298
36049,15.0,2752
36119,13.5,90406
36025,16.8,5519
36057,19.9,6796
36085,17.2,56730
36089,16.7,11955
36109,12.5,7458
36113,18.7,8938
36023,17.2,5182
36027,18.4,37735
56031,20.9,1365
56033,28.9,6191
56003,30.6,2459
56011,27.7,1440
56029,23.5,4882
56001,20.9,4493
56007,23.0,2406
56015,25.6,2403
56041,24.8,3211
56043,26.5,1471
56017,28.0,968
56013,26.2,6962
56035,29.8,2028
56045,25.8,1313
36015,19.6,11692
36055,16.8,86202
36065,18.6,29619
36111,17.8,23180
36051,19.2,8173
36077,17.4,6932
36039,14.1,4988
36001,15.6,31977
36003,19.3,5802
36009,17.6,9282
36053,17.4,8369
36093,16.2,17299
36037,19.4,8026
36123,16.9,2821
37079,21.1,3156
37121,21.6,2403
37041,22.2,2352
37005,21.7,1831
37027,21.4,12646
37035,21.8,23773
37045,21.4,14334
37049,25.9,17487
37065,21.1,7654
37077,20.9,8767
37085,24.5,20998
37093,28.0,9699
37089,23.7,20240
37095,27.0,1030
37097,21.7,26156
37119,19.9,143394
37131,18.6,2792
37147,21.0,22754
37159,23.6,22833
37181,19.8,5939
37039,22.2,4783
37053,27.3,5138
37179,20.9,30728
37193,21.9,10807
37127,20.5,13278
37003,17.6,4721
37055,25.3,6828
37185,21.9,3185
37195,19.8,10982
37073,23.9,2001
37075,22.6,1372
37115,19.1,2925
37137,26.8,2667
37149,24.5,3898
37151,22.1,21885
37169,19.8,6650
37187,24.2,1976
37043,20.2,1692
37051,28.7,59148
37081,21.2,74783
37099,21.3,5849
37139,23.8,6409
37155,20.9,17842
37173,20.6,2021
37183,17.0,121450
37007,21.5,3869
37111,21.0,6909
37069,23.9,11007
37103,26.3,1907
37113,24.8,6506
37019,22.5,23402
37175,21.0,5377
37013,23.4,7983
37047,23.0,9061
37109,23.4,13828
37123,19.7,3742
37135,13.1,11755
37153,21.9,6702
37163,21.3,9064
37171,20.8,10583
37011,24.2,3224
37021,18.6,35190
37025,22.9,31406
37033,20.1,3352
37059,21.3,6448
37057,22.3,25890
37061,22.6,9023
37063,15.6,33525
37091,24.3,4041
37105,22.6,9203
37129,21.5,33570
37141,22.1,9419
37191,22.9,18849
37165,21.7,5126
37189,19.0,6019
37083,18.6,6733
37001,23.4,25666
37177,19.2,595
38089,22.9,4662
38103,22.3,652
38013,28.6,428
38061,22.9,1506
38105,27.3,6106
38007,15.6,110
38043,26.5,472
38019,27.7,753
38037,21.9,382
38049,21.2,877
38091,27.2,347
38005,23.7,927
38045,23.2,685
38059,23.5,5151
38025,23.3,711
38051,18.2,364
38063,22.8,498
38079,24.9,2071
38099,22.5,1714
38009,26.5,1203
38003,21.5,1644
38035,24.0,9937
38053,24.0,1911
38055,22.0,1532
38069,24.3,721
38075,28.0,471
38011,18.9,403
38015,20.4,13045
38047,23.3,322
38065,22.1,284
38093,23.5,3427
38071,16.7,1314
38031,19.4,449
38039,20.1,353
38083,22.6,246
38087,17.1,93
39159,19.1,7294
39131,19.8,3833
39125,19.0,2466
39061,18.8,103066
39049,19.6,168764
39101,23.3,10770
39157,16.8,10783
39169,18.1,13832
39015,19.1,5795
39017,19.4,47116
39067,15.6,1710
39083,20.7,8386
39089,21.4,25098
39139,20.3,17197
39163,16.3,1492
39019,17.6,3463
39063,20.0,10378
39025,20.2,28366
39045,21.7,22581
39039,21.5,5581
39071,17.6,5161
39069,20.4,3841
39081,19.1,9045
39133,19.3,20311
39137,16.2,3654
39013,19.3,9692
39027,21.8,6151
39047,16.7,3281
39127,17.8,4387
39129,18.4,7391
39097,20.8,6577
39119,19.6,11493
39143,21.2,8690
39161,19.1,3705
39167,20.2,8739
39011,19.3,5994
39037,19.1,6749
39123,23.3,7065
39065,17.7,3386
39079,17.0,3783
39077,19.0,7477
39009,16.3,6027
39001,15.6,2957
39103,20.7,25691
39095,23.3,68062
39121,18.4,2039
39041,17.2,22692
39147,19.9,7389
39151,21.9,57002
39031,16.2,4096
39055,19.3,12391
39073,18.7,3728
39085,22.9,37841
39141,20.3,11085
39035,21.7,189959
39075,10.8,2768
39109,21.8,15897
39111,16.8,1703
39155,18.7,26840
39173,20.0,16173
39005,17.9,6359
40043,22.9,738
40059,26.3,674
40083,21.0,6470
40143,23.5,99637
40147,20.4,7229
40057,27.6,523
40061,20.6,1787
40111,25.3,6514
40113,23.8,7899
40067,23.2,980
40047,20.8,8432
40049,22.0,4095
40121,22.9,7116
40123,22.6,5622
40129,29.7,735
40153,23.7,3255
40021,22.9,6981
40041,23.9,7325
40045,25.0,703
40051,22.6,8410
40119,21.0,9226
40125,24.7,11798
40037,22.5,10930
40141,20.5,1030
40149,20.8,1569
40033,24.8,983
40075,23.0,1417
40079,18.3,6180
40089,19.3,4217
40093,22.7,1182
40097,24.2,6775
40109,22.8,117248
40039,25.8,4375
40085,21.5,1445
40009,24.5,3624
40023,23.9,2422
40065,24.2,3880
40081,24.6,5856
40117,20.6,2319
40133,27.1,4433
40025,20.3,317
40011,24.9,1750
40029,20.5,767
40053,20.4,613
40073,23.3,2366
40105,24.4,1751
40087,23.9,6234
40095,22.9,2594
40103,18.0,1389
40131,25.1,15479
40135,19.8,5617
40003,19.7,863
40151,26.7,1500
40027,25.3,45016
40107,20.9,1732
40005,22.4,2157
41061,26.4,4632
41047,26.3,58796
41019,30.0,24164
41031,28.4,4598
41053,26.9,14398
41017,26.4,35744
41043,31.2,27113
41071,27.9,19672
41001,28.0,3353
41035,26.3,12360
41041,30.0,11226
41003,20.0,11085
41013,26.9,4598
41055,27.6,345
41025,27.1,1441
41045,27.1,5352
41063,28.7,1572
41069,31.2,342
41049,25.2,1810
41011,31.8,15146
41015,28.5,5223
41021,32.9,469
41027,20.5,3225
41037,26.5,1562
41051,21.5,126152
42103,23.0,9457
42109,12.8,3454
42115,17.2,5217
42039,14.6,8730
42049,15.5,29053
42057,14.1,1484
42067,13.1,2266
42107,15.7,16432
42131,17.1,3352
42001,17.9,12898
42005,14.7,7138
42035,14.6,3699
42025,16.0,7522
42027,12.3,12136
42097,13.0,8760
42095,16.7,35401
42121,14.9,5673
42007,19.5,23660
42069,16.6,24677
42083,16.6,4869
42051,14.4,13831
42091,14.4,83392
42033,12.9,7609
42123,17.4,5083
42075,15.0,14358
42081,17.2,13828
42093,12.4,1654
42019,16.0,21279
42047,13.1,2903
42071,14.8,53883
42085,14.8,11652
42105,16.8,2034
42117,17.3,5042
44005,16.6,10132
44007,17.9,77768
44001,15.3,5213
45003,20.3,23989
45005,18.1,1146
45037,20.8,4083
45023,18.4,4146
45029,14.7,3842
45067,17.3,3750
45063,21.5,43083
45073,19.7,11064
45015,23.9,34113
45019,17.2,49093
45043,21.3,9803
45069,18.3,3502
45007,20.2,27436
45025,17.3,5525
45047,17.9,8507
45051,23.0,56677
45055,20.6,9289
45075,20.8,12296
45083,21.2,44107
45009,15.3,1471
45013,20.6,27487
45017,21.0,2268
45033,17.0,3461
45081,16.9,2408
45079,21.4,55356
45039,20.6,3355
45049,16.7,2294
45045,19.9,68471
45057,18.9,12480
45035,23.0,24419
45041,19.3,18012
45059,20.9,9615
45065,18.4,1444
45077,19.9,15528
45087,19.5,3800
45089,17.8,3888
46003,16.1,291
46051,18.2,903
46123,17.2,671
46137,17.4,286
46115,19.7,878
46009,20.0,1010
46011,19.2,3558
46033,24.2,1672
46047,28.8,1499
46057,18.0,661
46071,22.9,442
46069,19.7,197
46049,20.3,339
46067,16.0,799
46129,16.9,650
46017,21.6,223
46037,19.0,741
46043,23.6,479
46063,24.7,223
46089,20.5,332
46109,21.7,1420
46119,25.5,234
46083,20.2,7387
46079,18.5,1615
46081,21.6,3821
46029,19.4,3690
46019,23.5,1632
46031,20.3,469
46045,21.8,580
46021,17.3,193
46007,24.5,462
46055,24.9,340
46075,16.5,102
46093,24.1,4402
46125,19.9,1156
46013,20.2,5187
46061,18.5,384
46087,16.3,592
46095,22.5,287
46101,23.5,1035
46103,23.9,18049
46127,20.2,2136
46097,22.3,336
53003,30.6,4957
53001,17.7,1898
53023,28.3,457
53045,28.8,13492
53057,26.4,23285
53065,27.4,8762
53063,26.7,92123
53043,28.6,2183
53007,20.8,10806
53031,23.1,5981
53035,28.7,53017
53033,17.7,277558
53049,29.8,5014
53051,27.4,2744
53055,23.2,3181
53059,27.2,2399
53075,20.1,4890
53077,20.7,31282
53009,28.6,16483
53015,30.0,22265
53019,25.6,1475
53041,28.2,15638
53021,22.5,11955
53017,21.7,5977
53029,28.9,17470
53053,25.6,151030
53071,26.0,10329
53073,24.0,35153
54023,15.1,1290
54027,18.8,3219
54009,20.4,3319
54017,15.1,961
54031,14.7,1486
54049,18.2,7044
54059,16.3,2819
54029,21.0,4561
54051,20.8,4790
54067,17.1,3137
54093,16.7,896
54095,14.3,924
54087,14.5,1468
54091,18.3,2272
54107,22.9,13862
54021,18.5,1028
54053,17.2,3313
54063,15.0,1494
54073,18.6,1011
54011,20.4,12835
54037,20.2,7892
54045,19.1,4599
54071,10.2,538
54033,19.0,9162
54069,19.7,5868
54013,18.2,986
54065,19.8,2620
54081,21.2,11433
54079,19.6,7813
54001,15.3,1721
54047,12.9,1765
54099,17.8,5143
54035,16.7,3429
54055,18.5,7865
54097,14.9,2473
54101,15.6,961
54003,21.5,17095
54019,17.3,5448
55051,26.7,1224
55019,19.0,4118
55109,21.9,13082
55083,20.4,5642
55069,22.9,4727
55135,19.6,7274
55005,20.2,6516
55113,22.7,2767
55047,20.1,2664
55099,21.6,2229
55077,22.3,2557
55075,23.2,6970
55079,21.1,132954
29205,23.0,952
29225,24.5,6162
29005,23.6,920
29013,20.0,2252
29015,23.5,3470
29035,18.7,791
29057,23.4,1276
55045,21.2,5520
55101,23.1,30817
55139,20.3,23278
55041,23.2,1493
55107,18.2,1873
55115,18.6,5448
55067,20.5,2896
55087,19.9,24975
55123,17.6,3614
55021,22.5,9115
55061,21.3,3100
55009,19.4,33931
55035,21.3,13921
55085,22.7,6163
55095,22.5,7047
55129,23.3,2754
55133,19.5,54980
55127,22.5,15308
55023,21.5,2519
55057,23.0,4466
55111,21.4,9519
55131,21.7,20694
55017,20.6,9328
55025,16.9,59628
55031,25.2,7771
55053,22.9,3321
55049,22.4,3724
55089,19.0,11737
55097,18.4,8335
55105,21.1,23300
55119,19.4,2735
55001,22.8,3670
55007,22.4,2580
55081,22.3,6903
55141,20.6,10747
55003,22.4,2388
55037,24.4,838
55055,20.9,12263
56005,26.5,8069
56023,25.1,3207
56025,27.2,14812
56009,21.9,2081
56027,27.1,495
56037,25.2,7041
47177,15.7,4391
47179,20.6,18059
47183,19.4,4164
47005,19.0,2241
47007,17.2,1898
47013,18.1,5197
47015,17.8,1805
47083,13.4,772
47119,21.4,13598
48373,22.8,8010
48391,21.8,1049
48467,26.0,9903
48055,20.9,5709
48487,20.8,1843
48317,21.6,718
29105,21.7,5258
29115,18.3,1518
29091,21.7,5929
29101,24.2,7634
29125,20.0,1279
29161,20.1,5577
29165,22.2,15165
29187,24.7,11651
29510,21.1,46327
29003,22.0,2686
29023,23.6,6902
29033,18.8,1160
29061,18.8,1039
29087,22.2,730
29127,20.6,3970
29151,16.8,1560
29181,21.5,2044
29219,24.3,5740
29221,21.3,3684
29043,24.7,14133
29063,19.9,1862
29081,16.6,970
29107,20.0,4538
29001,17.6,2382
29199,17.1,526
29211,16.3,709
29045,18.7,898
29097,22.7,17874
29111,22.1,1436
29119,18.4,2771
29157,19.1,2510
29167,22.7,4610
29177,21.9,3467
30041,23.9,2443
30015,20.8,816
30053,24.9,3748
30067,25.3,3168
30103,25.4,132
30005,27.1,1121
30097,24.1,656
30099,26.7,1113
30079,17.5,161
30035,19.5,1588
30025,23.3,465
30037,20.7,121
30093,25.0,5934
30095,24.5,1659
30043,22.4,1933
30039,21.8,535
30107,24.8,351
30057,20.8,1371
30091,27.9,706
30011,28.1,271
30003,25.7,1954
30047,24.5,5059
30049,22.8,10860
30073,25.4,1031
30111,22.6,24592
30063,22.1,17481
48387,24.8,2209
48501,17.1,835
48189,20.0,4187
48419,21.9,3548
48399,20.4,1444
48435,18.8,481
48451,24.7,18639
48469,23.6,14220
48481,24.1,6513
48485,23.8,20042
48033,28.9,121
48315,23.6,1788
48323,17.9,5872
48181,27.8,24546
48297,25.7,2229
48363,25.7,5006
48255,18.6,1988
48123,22.5,3236
48059,25.0,2461
48067,19.5,4099
48183,26.5,21116
48313,22.8,2220
48303,24.2,43638
48257,24.7,19580
48259,22.3,6684
48153,23.5,887
48017,18.4,786
48071,29.5,7704
48027,28.5,60260
48061,16.9,41723
48117,20.3,2233
48141,23.2,118584
48283,15.0,787
48443,39.9,301
48457,21.4,3232
48483,25.0,907
48009,23.5,1441
48043,20.2,1373
48215,18.7,89826
48423,26.2,39064
48105,23.0,545
48207,17.9,716
48227,26.8,6617
48333,23.0,823
48337,22.6,3087
48365,27.7,4363
48403,26.3,2084
48421,28.8,597
48437,23.2,1161
48231,23.6,14675
48063,25.3,2135
48195,20.6,696
48187,21.1,22016
48077,23.6,1785
48205,23.3,995
48383,25.7,559
48217,22.5,5485
48293,26.2,4252
48347,23.0,8639
48369,17.0,1021
48367,23.6,21199
30027,24.0,1966
30081,23.6,7455
30105,27.4,1483
30013,23.8,13160
30033,27.1,199
30061,26.7,853
30069,18.3,64
30077,23.7,1254
30089,21.4,1912
30109,18.7,145
30031,22.0,15148
30059,20.7,277
30009,24.3,1976
30001,24.0,1540
30029,23.5,16610
30065,24.7,873
31083,25.3,594
31185,23.9,2226
31019,23.6,7130
31037,15.4,1028
31087,29.1,586
31141,23.7,5162
31143,25.0,908
31013,31.8,2365
31017,22.6,506
31161,26.9,999
31109,21.1,41058
31129,24.0,738
31007,35.8,189
31063,31.4,570
31055,21.7,79179
31147,25.7,1484
31089,23.0,1612
31065,25.9,869
31151,18.9,1678
31173,27.2,1052
31177,21.7,2992
31031,28.6,1158
31053,23.6,5807
31069,26.5,382
31123,25.9,871
31127,24.0,1101
31171,34.9,165
31043,17.4,2166
31003,24.8,1090
31029,31.0,829
31035,23.3,981
31041,28.7,2159
31061,26.8,601
31081,27.3,1725
31095,24.0,1234
31101,28.2,1682
31115,26.8,124
31135,26.3,528
31155,24.5,3548
31157,26.2,6339
31103,20.7,105
31105,25.0,666
31111,26.5,6456
48135,23.2,22177
48377,13.8,608
48465,19.6,5784
48109,16.4,233
48169,17.0,767
48173,14.5,129
48185,24.6,4713
48085,19.1,122178
48005,25.7,14704
48101,27.5,293
48209,23.5,30037
48039,23.8,56126
48129,29.6,650
48013,19.3,6055
48353,23.8,2262
48229,10.4,306
48475,24.8,1826
48203,25.5,11210
48327,19.2,338
48149,20.6,3765
48491,22.8,82385
48233,29.4,4115
48343,26.8,2301
48361,25.2,14141
48495,24.6,1133
48201,19.8,587843
48053,25.4,8292
48171,20.8,4015
48113,19.6,326932
48311,24.2,120
48503,25.1,3132
48251,24.1,26269
48223,22.9,5612
48357,19.3,1171
48275,21.7,520
48309,23.0,34948
48095,21.2,558
48137,20.3,297
48133,26.9,3356
48243,22.8,387
48247,18.4,560
48339,22.8,85299
48127,14.0,904
48479,16.5,24900
48011,30.6,428
48069,22.3,1041
48273,21.4,3675
48097,24.8,6715
48107,21.5,804
48151,22.3,598
48131,22.3,1580
48031,25.2,2182
48241,20.8,5010
48245,24.8,41892
48271,25.1,741
48359,21.9,277
48279,21.3,1778
48295,21.0,469
48307,26.8,1513
48319,28.2,806
48125,25.5,418
31025,24.2,4302
31139,19.0,919
31165,24.3,203
31021,21.6,1001
31039,17.1,1038
31051,20.5,792
31057,25.2,329
31075,24.0,112
31077,28.3,470
31079,22.9,9004
31085,28.7,188
31131,22.1,2396
31145,27.1,1998
31027,20.3,1161
31045,25.1,1306
31097,16.1,608
31033,26.8,1784
31047,21.1,3223
31071,26.6,391
31117,26.0,84
31125,22.6,572
31167,26.0,1056
31175,24.6,737
32001,31.0,5216
32005,28.1,10417
32027,24.4,1266
32011,27.5,370
32013,26.3,2919
32033,24.1,1702
32007,27.5,9164
32023,27.2,9280
32029,27.3,823
32003,25.1,373444
32019,29.7,11626
33005,18.7,9960
33009,17.3,10952
33015,18.2,40591
33019,17.4,5562
33011,18.2,53009
33007,20.0,4858
33003,19.4,7240
34021,15.7,38874
34011,17.5,18044
34035,13.7,31519
34029,20.0,81969
34001,19.9,36703
34023,14.8,83960
34033,19.0,8379
34009,19.7,13780
34007,19.5,67971
34039,16.2,60951
34017,12.8,61213
34019,15.1,13447
34027,13.6,47132
35023,24.1,716
35031,23.9,10574
35043,24.6,24120
35017,25.2,5028
35009,26.6,8119
48139,25.8,28807
48287,26.0,3018
48439,22.3,292589
48001,24.8,10417
48239,27.7,2732
48265,27.2,10229
48331,20.7,3452
48093,22.8,2184
48145,17.9,2185
48047,25.5,1033
48015,23.4,4740
48261,3.4,13
48089,20.1,2880
48409,24.7,10576
48381,27.1,23941
48411,21.9,921
48413,31.8,625
48507,17.5,1244
48057,25.0,3600
48155,24.2,227
48175,29.2,1553
48193,19.9,1178
48335,20.1,1119
48449,19.0,3786
48285,20.4,2817
48445,22.0,1758
48497,24.6,10949
48321,24.5,5907
48371,20.1,2119
48397,24.0,15146
48441,24.8,20699
48447,22.9,250
48471,20.0,9326
48499,27.6,8895
48007,23.9,4271
48079,20.6,388
48081,24.1,604
48099,32.7,15619
48211,22.5,546
48341,20.0,2493
48375,22.7,17185
48405,22.4,1363
48417,31.7,709
48427,13.5,4817
48461,20.7,503
48049,24.4,6371
48191,26.1,543
48159,29.5,2151
48163,17.0,2115
48281,27.0,3975
50019,18.6,3681
50013,16.2,856
50007,15.5,16608
50015,18.2,3244
50011,17.9,6146
50005,19.1,4115
50025,16.9,5371
50003,18.0,4598
50001,16.2,4116
50009,15.0,709
28009,22.2,1266
35015,22.6,8419
35033,34.1,1199
35045,27.3,22276
28037,26.7,1416
28027,24.5,3545
28061,21.7,2463
28067,22.6,10141
28147,14.3,1388
28095,20.6,5096
28115,21.9,4519
28051,19.4,2127
28005,17.3,1564
28089,17.4,12049
28013,19.1,1889
28091,19.0,3222
28141,19.5,2662
28153,18.2,2429
28041,25.6,2509
28093,23.2,5670
28119,21.9,1060
28109,25.0,9431
28079,19.3,2847
28099,23.9,4436
28121,22.9,23986
28151,20.8,6223
28077,18.0,1543
28111,21.1,1729
28017,16.8,1912
28015,20.3,1481
28039,24.1,3752
28043,21.6,3087
28063,21.0,1020
28101,24.4,3342
28117,21.6,3663
28125,24.4,712
28019,17.8,1030
28045,26.7,8997
28057,25.0,3927
28055,22.7,252
28059,25.2,24463
28083,20.1,3587
28143,24.0,1605
28021,22.9,1194
28047,25.2,34080
28075,24.8,12759
28085,21.1,4905
28127,22.1,4028
28159,22.1,2822
28007,22.6,2779
28073,21.8,8948
28081,23.1,13018
28135,19.7,1940
28129,19.0,2087
28149,24.1,7572
28023,20.3,2212
28097,17.6,1267
28105,18.7,4843
49053,29.0,30989
50023,17.1,7127
49027,26.0,2043
49045,27.5,10786
49025,31.4,1671
49043,18.3,5009
49019,25.5,1763
49031,22.8,297
49033,30.6,447
49051,25.1,4766
49001,24.1,924
49003,28.3,9018
49021,30.9,8855
49039,29.8,5271
49041,28.2,3720
49057,27.6,42925
49037,22.8,2066
49035,23.7,169009
49009,34.6,139
49055,29.1,517
49007,31.2,4086
49029,26.2,1694
49005,26.6,16663
49023,26.4,1673
51095,18.4,9988
51167,20.5,4107
51173,22.0,4942
51540,15.8,4803
51031,24.2,9643
51087,19.6,44427
51099,22.1,3830
51103,21.0,1812
51105,23.8,4280
51115,24.5,1693
51119,23.7,1984
51149,23.8,6258
51159,20.3,1408
51169,20.9,3431
51177,22.0,19459
51011,21.4,2382
51067,21.2,8669
51097,19.5,1019
51121,17.9,10020
51127,23.7,3714
51049,22.3,1582
51051,19.9,2157
51083,20.5,5084
51107,14.1,35813
51153,19.5,57604
51175,26.4,3486
51091,23.3,437
51033,20.0,4070
51073,24.9,6737
51141,20.4,2770
51145,22.3,4755
51171,20.3,6286
51061,20.9,10061
51790,19.5,3438
51065,24.5,4719
28031,21.4,2662
28155,19.0,1262
28003,22.6,5760
28025,18.7,2502
28053,17.1,926
42043,16.4,31307
42055,15.0,16121
42119,14.3,4384
42127,17.8,7003
42009,13.6,4804
42089,21.2,24715
42061,15.0,4905
42125,15.9,23658
42101,16.7,178846
42133,16.3,50532
42063,14.9,8295
42041,15.5,27143
42003,16.2,142972
42129,17.1,44406
42053,13.5,807
42013,15.8,13976
42073,15.9,9889
42015,15.3,6597
42021,15.1,14345
42029,13.4,47488
42011,16.5,46688
42087,14.2,4595
29129,15.7,380
29229,17.8,2191
29047,23.2,37962
29065,19.0,2097
29195,21.3,3214
29227,20.7,306
29079,19.9,1343
29141,19.1,2734
29179,18.4,852
29189,20.9,144281
29209,27.7,6765
29009,20.3,5035
29019,19.8,21198
29051,21.6,11369
29055,20.1,3377
29093,21.1,1552
29117,18.7,2003
29135,18.9,2050
29155,16.2,1757
29159,23.8,6710
29203,15.4,904
29175,24.5,4205
29069,17.4,3469
29071,24.2,17272
29089,19.1,1254
29095,23.5,111084
29131,20.4,3516
29171,18.5,616
29213,27.5,10431
29021,23.0,13907
29025,20.1,1242
51045,17.7,669
51750,20.1,1646
51840,17.8,3302
51001,17.1,4019
51063,20.0,2326
51071,24.8,2999
51077,19.9,2392
51135,19.8,2185
51157,18.7,1027
51036,19.2,1047
51047,21.4,7337
51053,19.6,4013
51079,21.7,2939
51085,19.7,14419
51111,18.4,1654
51137,21.4,5392
51595,23.8,836
51197,18.6,3939
51550,25.2,40503
51660,15.3,4126
51003,16.1,11708
51019,21.8,12372
51029,18.5,2346
51195,22.2,6111
51580,21.5,856
51740,27.4,17413
51810,25.7,78779
51005,20.5,2303
51640,23.0,1094
51193,23.7,3126
51133,20.4,2003
51155,21.9,5606
51187,22.1,6048
51590,23.7,6762
51630,20.6,3561
51009,19.8,4503
51017,23.5,740
51670,22.3,3313
51700,25.7,29868
51069,19.7,11736
51680,19.8,8899
51199,18.9,8634
51690,21.7,1909
51125,14.8,1642
51143,23.2,10514
51530,19.6,808
51610,9.8,939
51730,21.5,4680
51735,18.3,1549
51600,14.0,2256
51820,19.4,2980
51770,19.7,13782
51800,24.4,14864
51710,25.1,38396
51007,19.9,1845
51041,20.1,46410
51059,12.6,98206
53047,25.3,7380
53037,26.6,7425
29085,23.8,1748
29037,23.9,16819
29049,22.2,3132
29059,21.3,2453
29113,20.8,7768
29137,21.3,1323
29145,23.6,9281
29163,16.3,2084
29183,22.1,59216
29031,22.1,11167
47031,19.5,7336
47047,24.5,7242
47067,19.0,901
47073,20.1,8226
47091,18.6,2511
47103,17.3,4119
47111,17.9,2874
47127,15.3,704
47147,22.1,10553
47051,19.5,5580
47009,22.2,20651
47021,21.1,5946
47019,21.4,8992
47057,18.2,3030
47055,19.7,4093
47097,18.7,3312
47099,17.5,5097
47113,20.9,13606
47115,22.2,4514
47133,16.3,2523
47137,18.3,712
47181,18.5,2281
47187,15.7,23041
47003,18.3,5871
47059,20.1,10015
47035,21.6,9688
47175,14.7,628
47025,18.5,4201
47081,18.1,3167
47085,17.2,2237
47141,18.4,9200
47155,22.8,15881
47161,20.2,1942
47023,24.0,2660
47039,21.3,1782
47087,16.5,1433
47109,17.9,3253
47145,23.6,9257
47011,22.5,16177
47063,18.5,8118
47173,15.2,2108
47071,17.4,3235
47043,19.2,6981
47129,16.1,2514
47123,19.9,6497
47079,19.1,4466
47033,20.0,1968
47095,16.5,933
47093,20.5,63117
53005,24.6,31527
53011,26.9,85944