1118,5.2,17,051
1475,5.1,17,107
1183,4.9,17,165
46956,6.7,17,097
1228,8.6,17,127
930,7.4,17,017
2131,5.9,18,069
1697,7.0,18,181
1329,6.4,18,075
2465,5.5,18,145
1094,5.3,18,153
10820,5.6,18,157
23932,7.4,18,057
5770,7.0,18,005
1566,7.8,18,049
3167,6.7,18,113
6973,6.0,18,019
11345,6.9,18,063
3778,5.7,18,053
3038,6.9,18,071
1149,5.5,18,119
2152,6.4,18,183
2573,8.0,18,023
399,5.6,18,161
3134,6.3,18,029
2956,6.5,18,093
989,5.2,18,123
1485,5.8,18,129
1231,6.1,18,015
1102,6.7,18,045
1480,6.4,18,149
1958,6.1,18,055
1514,5.9,19,011
6194,6.4,19,061
432,6.4,19,151
541,7.6,19,177
271,7.4,19,003
261,4.7,19,009
683,7.7,19,051
429,6.2,19,093
464,5.9,19,135
2500,7.2,19,167
544,5.6,19,025
2184,5.1,19,033
1047,6.1,19,083
491,5.7,19,117
594,6.6,19,147
1212,6.1,19,087
2240,6.1,19,099
977,5.3,19,157
1264,7.2,19,043
1471,5.9,19,017
460,4.9,19,063
648,6.0,19,081
1223,6.3,19,097
2071,6.1,19,111
3784,7.6,19,181
1569,7.1,19,123
1003,6.2,19,041
1114,6.5,19,055
849,7.6,13,005
1383,7.4,13,025
756,4.4,13,017
1225,5.4,13,033
4172,6.3,13,047
661,6.3,13,053
1625,6.5,13,055
10985,7.3,13,073
1673,6.3,13,087
6117,6.3,13,115
18009,7.9,13,117
2479,5.6,13,137
1496,5.8,13,147
7891,6.8,13,185
659,4.6,13,191
1078,5.1,13,199
1305,4.8,13,207
1451,6.7,13,237
2181,7.3,13,261
45,2.8,13,265
396,7.5,13,301
485,6.2,20,193
446,6.9,19,185
11775,6.8,19,163
328,5.5,20,181
290,5.2,20,127
281,5.6,20,163
154,7.6,20,025
399,7.1,20,077
2142,6.4,20,111
381,5.7,20,145
102,5.9,20,033
180,6.8,20,063
1927,5.6,20,079
342,8.8,20,093
1722,6.0,20,113
748,6.4,05,041
743,6.1,05,049
781,5.9,05,061
6191,6.3,05,051
2888,6.9,05,093
4263,6.7,05,115
418,5.1,05,117
2683,6.8,05,139
483,7.4,05,147
1408,5.6,05,023
504,6.2,05,025
958,5.6,05,067
1443,6.6,05,057
933,5.4,05,135
573,4.6,05,137
16366,7.0,05,143
1822,4.4,05,005
1828,9.0,05,003
7848,7.3,05,031
3237,7.2,05,055
752,7.3,05,105
1517,6.3,05,111
1226,7.2,05,133
246,4.7,05,013
1094,4.9,05,019
969,5.9,05,075
441,6.3,05,095
1339,6.4,05,029
459,5.9,05,101
1192,6.7,05,001
4506,6.2,05,085
1638,5.9,05,015
1469,5.7,05,123
27548,7.0,05,119
22464,8.3,06,047
816,4.7,06,043
530,6.0,06,049
72450,6.3,06,013
1110,6.2,06,027
40607,7.5,06,099
27437,6.2,06,083
3989,6.2,06,103
776,5.4,06,051
4066,6.7,06,069
668,5.4,13,079
3154,8.5,13,029
1275,5.3,13,035
3630,6.8,13,039
759,7.4,13,099
3292,7.7,13,069
9697,6.8,13,077
1293,4.3,13,123
6127,6.7,13,297
543,5.5,13,317
1056,5.1,13,091
3414,6.0,13,129
16140,6.5,13,057
6472,5.8,13,113
2192,7.4,13,177
1650,5.3,13,227
938,5.4,13,133
1179,6.9,13,075
1128,4.6,13,085
64956,6.3,13,121
12354,6.2,15,001
57077,5.8,15,003
4698,6.5,15,007
0,0.0,15,005
2101,8.9,16,031
522,9.8,16,063
419,3.9,16,085
1115,8.3,16,041
2380,5.9,16,069
10931,6.9,16,055
1987,9.6,16,067
6631,7.8,16,083
1331,5.9,16,013
229,3.1,16,015
233,9.0,16,023
1367,9.0,16,047
29763,6.5,16,001
527,8.8,16,007
4290,9.4,16,011
95,9.1,16,025
359,4.1,16,035
2637,9.2,16,051
18932,5.1,41,039
294,4.5,51,181
846,5.9,51,043
1341,4.4,51,117
3511,4.7,51,015
996,4.4,51,075
800,6.1,51,113
5157,5.5,51,161
620,3.8,51,025
543,4.6,51,131
1228,5.4,51,163
220,5.5,51,720
1050,6.0,51,570
325,5.1,51,021
1590,4.8,51,023
1004,5.9,51,520
475,3.2,51,830
1373,4.6,51,035
31339,3.6,06,075
102000,6.7,06,067
10193,5.4,06,017
31683,7.3,06,053
195758,5.9,06,073
41276,8.9,06,107
7427,5.5,06,023
50,4.8,06,003
12306,7.9,06,039
14368,5.2,06,087
653,5.1,06,105
168073,7.0,06,065
158284,7.4,06,071
14276,5.5,06,041
24692,6.4,06,061
10917,6.1,06,089
27194,6.2,06,095
1645,7.7,06,011
1941,6.8,28,029
15811,6.6,28,049
2236,7.8,28,145
1271,5.8,28,139
4773,6.3,28,035
2919,5.4,28,071
3935,6.7,28,087
579,6.5,28,157
640,5.6,28,065
2135,7.5,28,123
1885,6.6,28,163
2252,7.1,28,011
3409,8.6,28,113
1213,6.6,28,131
417,4.2,28,069
1609,6.1,28,133
1614,5.2,28,001
12395,6.9,28,033
34065,6.0,42,045
3645,4.9,42,111
756,6.2,29,123
1448,7.0,29,217
928,4.2,29,147
416,5.6,29,041
673,5.1,29,223
2902,7.5,29,201
722,6.1,29,011
909,6.5,29,039
755,5.1,29,073
1117,7.3,29,121
674,6.3,29,149
1079,6.0,29,186
846,6.4,29,067
1263,5.8,29,083
2663,7.0,29,109
3099,5.9,29,169
1762,6.9,29,215
2584,5.8,29,027
1033,5.8,29,053
477,7.2,29,075
6772,5.0,51,650
2651,4.9,51,191
1138,4.8,51,139
7457,4.7,51,510
11710,5.0,51,013
1123,5.2,51,027
10576,7.2,51,179
11143,4.9,51,760
512,4.7,51,057
2427,5.8,51,185
1266,7.5,51,685
439,3.9,51,183
3065,7.4,51,683
1667,6.6,51,775
651,5.4,51,037
508,4.4,51,081
17308,6.2,53,067
230,5.8,53,013
987,5.3,72,059
1126,5.0,72,121
746,4.7,72,067
1498,5.2,72,141
566,4.8,72,054
1857,5.1,72,099
1695,6.0,72,123
12586,6.9,47,165
849,6.3,29,133
636,6.9,29,153
762,6.2,29,017
578,5.6,47,169
523,6.8,47,027
17242,6.6,17,163
1063,7.3,17,139
1067,6.8,17,149
188,4.5,17,151
1265,5.8,17,173
10825,5.2,17,019
169,3.5,17,013
924,7.0,17,053
36611,6.9,17,089
10944,8.7,17,093
309,4.7,17,009
2577,6.8,17,121
714,5.2,17,125
1609,5.8,17,075
833,6.3,17,025
247,4.9,17,059
2001,5.9,17,133
896,5.3,17,181
18118,6.4,17,201
256,4.6,17,153
285,4.1,17,169
863,5.0,17,045
3207,6.0,17,007
1708,5.2,17,011
2562,5.0,17,029
1025,5.4,17,033
315,5.5,17,155
927,5.8,17,039
2144,6.2,17,103
2652,5.8,17,117
935,5.9,17,159
875,6.2,17,189
38528,6.5,41,067
1766,4.5,41,007
199,4.3,42,023
33914,5.4,42,017
22341,6.1,42,077
2004,5.2,42,031
1898,5.1,42,059
16833,5.3,42,079
2958,4.5,42,037
2631,6.0,42,065
2740,5.9,42,099
169,2.8,42,113
8604,5.3,44,003
5725,4.5,44,009
2440,6.4,45,071
2105,6.2,45,027
7193,6.7,45,085
1460,6.8,45,011
3890,5.8,45,031
18163,6.8,45,091
3521,6.2,45,021
1754,6.1,45,053
872,5.0,45,061
1211,4.9,45,001
305,7.9,46,085
291,6.7,46,039
1776,6.3,06,021
13721,6.1,06,007
11400,7.6,06,031
896,4.8,06,063
13781,4.9,06,079
77832,7.9,06,019
71414,8.0,06,029
186384,5.9,06,059
52120,6.2,06,111
2368,5.2,06,009
7138,7.4,06,101
44952,5.9,06,081
2625,4.9,06,109
57536,7.7,06,077
1413,3.7,06,005
298,6.9,08,095
682,5.1,08,007
40467,5.7,08,031
60,4.0,08,061
353,5.3,08,055
234,6.6,08,009
273,4.5,08,047
565,7.6,08,063
781,4.6,08,051
42,5.1,08,079
148,3.1,08,091
129,5.6,08,115
24022,7.9,08,123
182,3.8,08,027
146,3.9,08,023
23923,7.1,08,035
497,6.4,08,065
2942,5.3,08,067
852,4.8,08,097
606,5.4,08,105
247,4.3,08,011
226,3.9,08,025
7,1.2,08,111
18624,5.4,08,069
955,4.3,08,075
397,4.9,08,113
1213,4.9,08,119
1510,5.9,08,039
768,5.4,08,071
326,5.8,08,073
1416,4.6,08,117
1013,6.3,08,003
1642,5.4,08,029
2181,4.6,08,043
2407,5.8,08,085
2212,7.8,08,087
459,7.0,08,109
847,7.0,08,099
4510,6.6,08,014
297,6.1,08,121
649,4.2,08,049
1158,6.3,08,089
11127,5.0,10,005
34261,4.9,11,001
46525,5.4,09,009
49892,5.6,09,003
62936,6.7,47,157
2056,7.3,47,077
3194,6.0,47,089
757,5.1,47,153
1622,5.8,47,017
40623,5.9,47,037
442,5.6,47,135
544,4.5,47,121
1134,6.4,47,075
14644,7.3,47,125
801,6.0,47,061
1840,5.2,47,029
1214,6.1,47,041
660,5.5,47,101
1718,5.7,47,131
4349,7.1,47,167
2153,5.8,47,045
20649,5.7,47,065
765,4.5,47,139
1503,5.6,47,185
8331,5.3,47,163
1631,5.2,36,095
2961,5.5,36,035
8538,5.4,36,083
3049,6.0,36,033
121021,5.3,36,081
3473,5.6,36,115
61747,3.8,36,061
4252,5.5,36,011
24713,7.6,36,087
10681,5.1,36,063
1700,4.5,36,031
80895,6.0,36,059
885,4.9,36,097
2659,5.6,36,017
7765,6.9,36,045
82728,5.6,36,103
2182,5.4,36,121
6675,5.6,36,075
5236,5.8,36,117
10742,5.6,36,007
20,2.3,08,053
50598,5.5,36,029
4125,5.5,36,105
26716,7.0,36,071
2625,4.3,37,087
24981,6.7,37,067
1397,6.0,18,041
31024,6.4,18,089
2399,6.3,18,107
3119,8.8,18,001
1446,5.5,18,021
2972,7.0,18,037
1515,6.7,18,047
4678,6.2,18,059
4917,6.0,18,067
383,6.5,18,115
1005,5.9,18,121
1472,5.9,18,135
577,6.6,18,007
755,5.0,18,013
1987,5.3,18,133
1634,5.9,18,175
2959,8.9,18,027
2819,5.8,18,065
2680,7.2,18,083
7487,5.8,18,095
785,6.3,18,125
847,6.7,18,131
1845,5.4,18,151
6698,6.8,56,021
1536,6.6,56,039
1564,5.6,48,407
2972,7.2,48,459
3761,7.3,48,473
3231,6.6,48,493
1573,6.8,48,219
13538,8.1,48,329
880,4.2,48,299
1791,5.2,48,147
12211,5.5,48,041
1961,9.5,48,165
1748,7.8,48,179
449,5.1,48,237
900,4.9,48,035
139022,7.1,48,029
249,7.0,48,023
58325,7.0,48,121
22549,6.8,48,167
45,5.6,48,393
1678,6.2,48,463
5700,6.1,48,037
63,9.7,48,263
422,4.8,48,425
4246,7.5,48,199
1075,6.2,48,289
780,5.6,48,351
967,6.2,48,389
74809,6.1,48,453
219,7.4,48,087
2611,6.2,48,143
136,10.9,48,345
515,6.2,48,083
3070,6.1,48,325
4379,5.4,48,213
3225,6.5,48,277
172,3.9,48,267
1785,5.1,48,477
634,6.8,48,429
1599,8.9,48,003
1450,7.0,48,177
516,8.9,48,305
1706,11.9,48,505
3486,6.0,48,221
9,3.8,48,269
3768,7.2,48,073
378,7.2,48,119
815,4.1,48,253
6500,5.6,09,015
13273,5.0,09,011
7533,4.6,09,007
58254,6.2,12,031
6905,4.6,09,013
58195,6.2,09,001
1364,5.5,12,133
1726,6.3,12,007
27195,4.6,12,009
14006,6.6,12,019
691,8.0,12,067
17420,5.0,12,069
4427,5.3,12,089
43569,4.5,12,103
41337,6.0,12,105
16276,5.2,12,111
526,3.9,12,043
2707,6.6,12,051
7263,4.7,12,061
2303,4.8,12,063
14735,6.0,12,109
27987,6.1,12,117
10631,5.8,12,005
5199,4.7,12,035
781,5.0,12,045
396,4.7,12,077
23141,6.6,12,097
3367,4.9,12,131
2730,5.9,12,039
694,4.9,12,065
17346,4.9,12,083
1993,7.3,12,049
2429,5.9,12,093
82480,6.1,12,095
764,4.3,12,041
3024,6.9,12,121
13567,5.1,12,001
825,5.7,12,013
6215,3.4,12,015
980,5.9,12,029
6455,4.1,12,085
16417,3.9,12,115
19823,5.2,12,081
5459,3.8,12,017
1793,6.4,12,003
9945,5.7,12,113
14773,5.1,12,073
109367,5.7,12,011
2792,3.7,12,087
8923,4.8,12,053
88483,6.2,12,057
1227,5.6,12,123
1908,5.9,12,129
1597,7.4,13,189
1173,6.3,13,211
715,6.1,13,149
5634,6.3,13,095
1019,4.0,13,111
11059,7.2,13,153
3280,6.9,13,175
4914,7.5,13,255
711,4.4,13,271
510,6.2,18,171
882,5.7,18,165
1909,6.8,18,179
26798,7.2,18,003
1777,6.7,18,031
5901,5.1,18,035
4556,5.9,18,043
1675,5.2,18,077
1695,6.1,18,079
11155,7.3,18,081
2166,6.0,18,103
4020,5.7,18,109
2268,6.7,18,051
787,5.6,18,111
1098,5.6,18,117
17329,6.4,18,141
5358,6.8,18,085
3354,7.2,18,099
921,8.6,18,155
11123,6.1,18,163
790,6.6,18,009
1353,5.7,18,143
6464,4.4,18,105
14777,7.2,18,039
762,7.2,18,025
2103,5.6,18,017
66821,7.0,18,097
3981,6.0,18,177
887,6.1,19,023
380,5.5,19,071
831,5.5,19,079
435,7.1,19,173
743,6.0,19,175
429,5.8,19,195
337,6.8,19,159
430,6.1,19,001
861,7.2,19,037
571,6.1,19,039
919,5.4,19,059
8451,5.7,19,103
689,6.8,19,107
1043,6.1,19,171
2090,5.9,19,179
740,7.3,19,069
1483,7.3,19,027
1299,7.0,19,031
1053,6.7,19,067
677,7.6,19,073
536,4.8,19,115
1054,9.0,19,119
1004,5.2,37,015
1125,4.8,13,291
1812,5.4,37,017
3406,4.9,37,031
1087,4.8,37,117
696,5.2,37,143
5290,5.8,37,157
632,6.0,37,029
13799,6.3,37,071
6100,6.3,37,125
3919,6.4,37,167
894,5.0,37,199
4036,5.7,37,037
13568,6.9,37,101
2200,5.6,37,145
1210,4.5,37,009
3841,6.8,37,107
12873,6.6,37,133
4005,6.0,37,161
2069,5.5,37,197
4439,4.9,37,023
525,6.6,38,097
331,6.7,38,021
4899,7.1,38,101
384,5.5,38,067
189,7.4,38,041
11189,6.3,38,017
191,5.8,38,029
1015,6.2,38,077
150,6.5,38,001
108,4.7,38,027
497,5.9,38,057
319,6.0,38,073
427,9.8,38,085
103,5.6,38,033
151,6.8,38,095
171,7.3,38,023
231,6.0,38,081
1266,5.5,39,105
2130,5.5,39,021
9212,5.5,39,057
3570,5.9,39,087
880,6.0,39,115
1458,6.6,39,175
4168,5.6,39,043
2725,6.0,39,091
30404,5.6,39,153
495,6.3,16,059
1839,7.9,16,075
560,6.1,16,009
2424,5.6,16,017
87,9.5,16,033
192,4.6,16,037
2306,8.6,16,039
925,7.1,16,043
2594,6.6,16,065
680,5.4,16,079
829,5.1,16,049
966,8.5,16,081
678,8.8,16,077
900,8.9,16,087
1055,5.9,17,067
16090,6.1,17,119
3756,7.4,17,063
7067,6.4,17,091
943,6.0,17,131
58920,6.3,17,043
381,6.1,17,003
853,6.9,17,129
6499,5.9,17,099
310091,6.0,17,031
6580,6.2,17,115
2963,6.6,17,177
930,5.7,17,191
2669,6.9,17,203
2538,6.5,17,055
1329,4.4,17,109
20236,6.6,17,111
82,6.9,20,071
1851,6.4,20,051
537,5.6,20,107
2184,9.8,20,175
40317,6.8,20,091
2361,7.1,20,121
195,6.2,20,207
147,5.1,20,135
1167,8.0,20,011
144,5.7,20,097
12346,6.9,20,177
177,5.3,20,019
3904,6.2,20,155
510,6.6,20,043
260,6.5,20,081
385,7.8,20,171
647,6.7,20,013
397,7.4,20,147
163,5.7,20,039
1094,6.3,21,079
5608,6.0,21,037
390,5.2,21,063
930,6.5,21,123
1414,6.5,21,167
1220,6.9,21,207
797,6.6,21,229
2808,6.4,21,009
541,6.2,21,091
7211,6.6,21,093
617,6.6,21,149
831,6.8,21,197
889,7.0,21,033
3107,6.5,21,019
18946,5.9,21,067
1457,6.4,21,115
569,4.3,21,175
3795,5.9,21,199
944,4.9,21,001
587,4.5,21,025
1211,6.5,21,099
347,4.1,21,223
169,3.7,21,105
376,4.5,21,143
750,5.6,21,135
1714,6.5,21,239
494,4.8,21,131
1073,6.8,21,127
3544,5.4,21,145
259,7.0,46,025
303,5.8,46,015
282,6.7,46,053
13069,6.9,46,099
296,6.0,46,077
604,4.3,46,027
576,9.9,46,041
1404,8.0,46,065
147,6.2,46,111
243,7.5,46,059
1260,5.5,46,135
1465,8.0,46,005
1235,6.2,46,035
118,5.8,46,073
240,8.0,46,117
161,7.0,46,107
760,8.1,46,023
368,7.5,46,091
135,4.7,46,105
676,5.4,21,153
2349,6.5,21,235
2089,5.7,21,071
12074,7.3,21,117
1185,4.8,21,205
1586,6.2,21,217
252,5.3,21,039
920,6.5,21,065
8924,6.8,22,079
8647,6.5,22,105
708,6.4,22,123
787,7.9,22,021
346,4.9,22,035
2408,7.2,22,039
3638,7.9,22,087
1950,7.5,22,121
661,7.7,22,081
2439,6.3,22,069
596,6.1,22,025
1601,7.9,22,041
1109,4.9,22,007
4217,7.0,22,113
1331,6.7,22,029
2928,5.1,23,017
7491,4.9,23,019
6658,6.2,23,001
15837,5.4,23,005
9957,4.9,23,031
3065,6.1,23,025
2322,4.5,24,047
1938,5.2,24,041
8306,3.9,25,001
5708,4.5,25,003
29959,5.8,25,023
40230,5.7,25,021
530,4.7,25,019
7803,6.7,26,005
419,4.6,26,003
1718,6.5,26,127
1893,6.2,26,035
3333,4.7,26,073
3087,5.8,26,157
1293,4.5,26,007
5086,6.1,26,111
423,5.1,26,135
4835,6.2,26,037
2496,6.1,26,057
5365,5.5,26,091
4105,6.5,26,117
8401,5.3,26,147
18129,4.9,26,161
2901,5.6,26,027
1063,4.5,26,143
2844,6.5,26,023
9309,5.9,26,075
50580,5.8,26,099
429,5.1,26,013
6258,5.7,26,045
1278,4.9,13,293
1121,5.5,13,303
1560,5.3,13,311
1584,5.8,13,225
11209,7.0,13,223
1420,7.4,13,229
1069,5.8,13,231
13277,6.6,13,245
863,6.2,13,251
1539,6.1,13,267
1468,7.7,13,019
1729,6.0,17,135
3286,5.9,17,195
4475,6.8,17,001
2075,5.5,17,027
5682,5.4,17,037
381,5.9,17,047
632,6.6,17,079
2495,6.6,17,081
5123,6.6,17,183
46083,6.7,17,197
4060,6.1,17,199
1040,6.6,17,023
1201,6.1,17,041
2142,6.3,17,049
1862,5.3,17,057
874,6.7,17,061
542,6.6,17,065
121,3.1,17,069
2833,5.8,17,073
713,5.7,17,087
2561,5.1,17,095
1922,5.3,17,105
294,5.9,17,171
8859,6.7,17,179
983,5.7,17,187
2426,6.1,18,061
6258,5.7,18,091
1521,4.8,18,169
2304,6.9,18,073
491,4.8,18,101
10405,6.2,18,127
1872,6.6,18,137
1203,5.9,18,147
895,5.9,18,159
6043,5.6,18,167
4435,7.1,18,173
2949,6.9,18,033
3206,8.2,18,087
874,5.3,18,139
4652,7.1,18,011
263,6.6,27,125
768,5.1,26,053
1475,6.4,27,093
4087,6.2,27,131
4660,7.3,27,027
1514,7.2,27,045
2068,6.6,27,119
1059,7.1,27,143
719,6.6,27,165
292,5.8,27,011
1786,6.1,27,021
1294,6.2,27,057
1476,7.4,27,091
1675,7.7,27,105
7824,8.3,27,141
7939,7.8,27,019
2341,6.5,27,085
35519,6.5,27,123
2478,4.9,27,169
1503,7.3,27,039
4105,6.4,27,035
10723,8.0,27,171
400,7.0,27,081
1809,7.0,27,095
2302,6.5,27,017
922,5.7,27,065
5536,6.3,01,115
4657,5.6,01,043
6450,6.2,01,069
12294,5.9,01,125
3306,6.4,01,031
3225,7.3,01,021
440,4.1,01,037
6103,5.9,01,055
801,5.8,01,075
1292,6.5,01,013
3969,6.2,01,127
557,6.7,01,063
638,6.2,01,011
1795,5.3,01,017
197,7.8,02,100
2018,6.3,02,110
496,9.2,02,290
41,1.8,02,068
107,5.0,02,105
89,3.6,02,275
60145,5.9,04,019
3061,5.7,04,007
8225,6.5,04,003
5369,7.5,04,001
14693,7.0,04,027
8112,7.4,04,017
748,5.0,05,021
874,4.7,05,043
956,5.4,05,121
2459,6.6,05,009
489,3.6,05,079
3772,7.7,05,035
8384,6.8,05,045
529,4.1,13,049
4420,6.4,13,295
67664,7.4,13,135
5960,7.5,13,013
455,6.8,13,065
6965,6.6,13,015
9663,6.7,13,097
1558,6.3,13,131
311,3.7,13,141
7977,7.7,13,313
754,5.7,13,193
4171,6.0,13,285
1957,5.7,13,145
245,4.7,13,249
1421,6.9,13,321
545,4.0,13,093
792,7.4,13,109
170,6.5,13,307
4787,7.9,13,103
209,7.0,13,125
103,4.5,13,239
17343,6.0,13,051
652,6.7,13,167
572,5.5,13,173
2254,7.7,13,195
1385,6.2,13,205
2829,7.0,13,277
3037,7.2,13,233
285,4.5,13,263
677,7.7,13,273
2700,6.0,13,275
532,5.9,13,319
1067,7.1,13,221
762,10.9,13,243
2588,7.3,13,299
2165,7.3,13,305
515,5.8,13,315
2554,5.7,13,009
3835,5.0,13,031
152,5.2,13,061
315,7.9,13,101
48449,6.5,13,089
1763,6.0,13,143
929,5.9,13,163
423,5.4,13,181
2940,7.4,13,213
423,3.8,13,235
792,4.8,13,241
357,3.1,13,281
401,5.9,13,283
575,6.2,13,155
1396,7.6,13,001
3265,6.7,39,149
2250,6.1,39,171
6091,5.9,39,029
2631,6.2,39,051
1854,6.2,39,053
12388,5.4,39,099
4557,6.0,39,145
1966,5.6,39,117
921,5.6,05,089
393,5.0,05,129
19552,7.4,05,007
2048,6.1,05,059
959,5.9,05,087
135,7.3,08,033
38,3.0,08,057
1658,6.4,08,083
17454,5.4,08,013
714,7.1,08,125
1364,5.4,08,107
285,3.0,08,019
10031,6.0,08,101
682,3.8,08,093
9156,6.1,08,077
47238,6.8,08,041
42702,6.6,08,005
31716,5.7,10,003
10931,6.2,10,001
9177,5.0,09,005
77203,5.3,12,099
146907,5.4,12,086
473,4.0,12,037
849,5.9,12,047
2073,1.7,12,119
1050,5.4,12,059
35280,4.8,12,071
17166,4.6,12,021
29436,5.6,12,101
4585,4.4,12,055
2051,5.6,12,027
4610,6.6,12,023
4091,5.6,12,107
878,5.7,12,125
2564,6.3,12,075
26575,5.0,12,127
960,5.2,12,079
17638,5.6,12,033
12161,6.0,12,091
1882,5.8,13,187
326,5.6,13,201
2720,7.1,13,219
16031,7.1,13,151
1600,8.6,13,183
1577,6.1,13,257
1089,7.2,13,161
243,3.8,13,037
10468,6.8,13,021
689,8.2,13,197
712,5.6,13,023
1184,5.2,13,119
817,4.4,13,171
1284,5.7,13,107
893,6.4,13,159
4239,6.9,13,179
514,6.2,13,253
480,5.8,13,289
413,5.1,13,269
1842,6.8,13,279
2337,5.7,39,135
6424,6.2,39,003
2381,5.7,39,033
2214,5.7,39,059
2692,6.6,39,107
8038,6.0,39,023
18564,6.0,39,093
31927,6.0,39,113
14765,6.4,39,165
6190,6.3,39,007
2907,6.5,40,071
907,6.3,40,035
10733,7.6,40,017
558,5.4,40,077
1625,7.8,40,139
641,5.8,40,127
767,6.9,40,069
393,7.3,40,007
777,5.8,40,063
8155,6.7,40,031
1677,7.5,40,001
2898,6.6,40,137
3216,6.7,40,019
373,6.4,40,055
1082,5.5,40,091
822,5.9,40,099
2153,6.8,40,115
5466,6.9,40,145
2001,6.8,40,015
4787,7.0,40,101
3061,6.6,40,013
12744,5.9,41,029
449,6.2,41,023
24420,5.9,41,005
1531,5.8,41,057
4767,5.5,41,033
5382,7.0,41,059
3484,6.8,41,009
1633,6.2,41,065
1115,6.0,13,011
423,4.7,13,209
6044,6.7,13,247
324,4.1,13,309
5950,4.7,13,059
5289,6.3,13,127
5032,7.4,13,157
2247,7.9,13,169
13321,6.8,13,215
192,3.1,13,259
474,6.0,13,287
658,8.0,13,003
208,6.6,13,007
915,8.5,13,043
7207,6.2,13,045
1709,7.5,13,081
50597,6.7,13,067
742,4.6,13,083
908,5.8,13,027
1053,5.5,13,105
778,8.8,13,165
8033,7.4,13,217
3323,7.3,13,071
21864,7.7,13,063
13738,6.9,13,139
10723,6.5,15,009
413,9.4,16,071
820,4.7,16,045
211,5.2,16,003
1968,8.3,16,053
249,6.5,16,061
880,7.6,16,073
807,6.8,16,021
611,8.8,16,029
6187,7.2,16,005
10143,8.9,16,019
17333,8.0,16,027
2006,5.1,16,057
12491,6.3,17,167
1686,5.2,17,157
3047,6.0,17,141
1956,5.7,17,137
895,6.5,17,193
282,4.1,17,071
10972,6.4,17,113
986,4.6,17,145
8626,6.0,17,161
630,5.5,17,185
621,5.7,17,035
1120,5.2,17,085
763,4.8,17,101
510,4.4,17,123
1973,6.0,17,021
2544,4.4,17,077
11829,6.5,17,143
1033,6.3,17,147
330,6.1,17,175
920,5.5,17,005
673,4.7,17,015
1134,5.2,17,083
21746,6.8,24,027
57057,6.3,24,033
35010,6.1,24,003
50347,6.1,24,005
15589,6.2,24,021
5286,5.8,24,009
1601,5.5,24,023
923,4.7,24,029
67762,6.5,24,031
6888,7.0,02,090
1764,9.7,02,050
743,7.6,02,185
581,6.7,02,220
863,6.3,02,130
7884,7.5,02,170
997,10.0,02,180
412,8.3,02,070
39,6.0,02,282
88,6.3,02,164
535,7.8,02,240
20780,7.1,02,020
124,3.7,02,013
683,7.4,02,261
3579,6.1,02,122
40,3.6,02,230
426,6.6,02,198
179,5.5,02,195
868,10.5,02,158
286828,6.6,04,013
2612,6.9,04,009
3664,7.9,04,023
1001,4.8,04,012
9668,4.7,04,015
7469,5.3,04,005
10545,4.6,04,025
675,7.1,04,011
28503,6.6,04,021
516,6.2,05,099
1035,6.2,05,037
284,3.9,05,039
1409,5.9,05,027
8062,6.8,05,125
920,5.5,05,141
500,3.7,05,065
2473,6.6,05,063
1282,5.9,05,083
1331,7.3,05,053
1212,6.8,05,047
685,6.4,05,109
4233,6.1,05,069
482,5.4,05,097
670,6.5,05,127
8547,6.7,05,131
3755,6.0,05,033
721,6.8,05,017
1794,6.8,05,071
427,4.6,05,077
2114,6.4,19,125
1399,6.3,19,183
816,6.4,19,197
900,6.9,19,029
722,6.4,19,035
1195,7.0,19,047
2348,6.0,19,057
1247,6.3,19,065
925,6.6,19,085
884,5.9,19,109
1049,7.0,19,129
445,5.1,19,133
3155,7.4,19,139
361,6.0,19,143
33477,7.0,19,153
2324,6.4,19,187
4876,5.0,19,169
7119,6.9,19,193
8025,6.1,19,013
862,7.0,19,075
1238,6.0,19,105
734,6.9,19,131
594,5.9,19,137
575,5.9,19,161
1668,6.7,19,149
1590,7.5,19,019
2387,5.1,19,045
524,6.6,19,053
720,4.0,19,101
771,5.6,19,005
14366,6.4,19,113
7255,8.3,19,049
947,6.8,19,141
166,8.1,20,187
288,6.9,20,119
2251,6.9,20,125
637,6.7,20,151
148,5.9,20,153
545,7.0,20,003
306,4.9,20,053
3172,9.3,20,061
2920,8.5,20,057
443,6.4,20,167
650,6.7,20,117
816,6.5,20,001
167,6.3,20,023
2392,6.8,20,035
82,3.3,20,049
1958,7.7,20,059
83,4.4,20,083
164,5.7,20,089
773,8.0,20,159
218,5.2,20,185
1105,7.0,20,139
430,5.2,20,031
2506,6.4,20,037
402,6.6,20,073
10488,6.6,24,017
10011,6.0,24,013
2914,5.9,24,035
6811,6.1,24,037
1678,5.2,24,019
9070,6.0,24,043
6058,5.9,24,045
6654,6.5,24,015
2240,6.8,24,011
34499,4.3,25,025
792,4.6,25,007
87111,5.4,25,017
31500,5.6,25,005
27688,5.9,25,013
43682,5.6,25,009
3119,4.4,25,011
46735,5.7,25,027
6030,3.7,25,015
1798,4.8,26,033
8339,5.6,26,115
69881,5.6,26,125
2519,5.5,26,059
11053,6.4,26,121
958,4.4,26,089
5001,5.7,26,087
2530,6.1,26,151
106,5.0,26,083
183,3.1,26,131
19120,6.7,26,139
376,3.6,26,001
3843,6.0,26,067
977,5.6,26,079
9826,6.4,26,021
1055,5.0,26,129
2242,6.7,26,165
733,5.3,26,039
1428,5.6,26,043
1672,5.3,26,063
15524,5.3,26,065
1604,5.5,26,105
1159,5.0,26,109
950,6.3,26,113
3961,6.5,26,149
4697,6.2,26,159
743,4.9,26,011
3666,6.1,26,015
568,5.1,26,071
799,4.5,26,019
401,5.0,26,153
113953,6.5,26,163
5368,5.8,26,055
447,4.1,26,097
25262,6.2,26,049
157,6.2,20,065
1244,6.2,20,099
37317,7.3,20,173
262,5.6,20,157
6570,5.5,20,045
183,7.3,20,179
451,7.5,20,069
1199,11.8,46,121
1498,10.4,46,102
1054,4.9,53,039
4150,5.7,53,027
215,5.0,53,069
8103,8.5,53,025
49192,6.2,53,061
549,4.3,54,089
1665,4.7,54,025
1351,5.0,54,057
813,5.0,54,041
334,4.0,54,075
1784,6.2,54,083
315,5.4,54,105
520,6.0,54,015
4466,4.2,54,061
742,4.8,54,103
10701,5.8,54,039
2109,6.3,54,077
496,5.0,54,085
1417,6.8,54,043
812,5.7,54,007
1396,6.2,54,005
1057,5.0,54,109
2525,5.6,55,033
3005,5.8,55,043
7059,6.1,55,117
360,7.9,55,078
652,5.0,55,011
6443,5.5,55,063
8774,6.5,55,073
1863,6.3,55,121
4885,5.6,55,027
940,4.3,55,125
4645,5.9,55,071
761,5.0,55,013
1060,3.9,55,029
6267,6.1,55,039
432,5.9,55,091
1089,6.2,55,103
1148,4.7,55,137
1192,7.1,55,065
2381,5.7,55,093
3449,6.9,55,015
10136,6.0,55,059
531,6.3,56,019
132,8.4,20,199
153,5.8,20,017
453,8.1,20,189
166,4.6,20,183
814,10.9,20,067
1146,4.9,26,009
2096,5.8,26,061
10812,5.7,26,093
1201,4.8,26,069
543,4.6,26,085
1044,4.3,26,101
758,7.5,20,131
839,6.3,20,085
381,5.2,20,095
137,4.9,20,109
2180,9.1,20,149
13206,8.0,20,209
1535,7.6,20,021
4514,6.8,20,015
499,6.2,20,027
156,5.1,20,105
3395,6.2,20,169
1590,6.9,20,191
100,3.5,20,195
480,7.0,20,197
472,5.4,20,205
414,6.7,20,123
189,5.4,20,141
1012,6.2,20,005
3299,9.0,20,055
346,13.4,20,075
5292,6.6,20,103
310,5.6,20,201
169,7.9,20,203
251,9.1,20,129
223,4.1,20,137
1888,7.1,20,009
628,7.0,20,029
145,5.1,20,047
109,7.0,20,101
184,6.1,20,165
744,6.2,20,115
957,5.9,20,133
317,5.4,20,143
3340,4.5,20,161
439,9.5,20,007
1197,6.4,20,041
1220,6.5,20,087
2155,6.1,21,089
942,6.5,21,069
1415,5.2,21,043
2217,8.9,21,081
46481,6.1,21,111
1570,5.8,21,141
1226,7.2,21,161
957,6.6,21,191
166,7.8,21,201
1128,6.0,21,215
807,6.5,21,011
417,5.2,21,007
1483,4.9,21,021
576,5.2,21,087
1903,7.1,21,095
614,5.3,21,159
1809,7.4,21,137
563,5.3,21,171
1757,7.3,21,183
798,5.5,21,225
902,6.9,21,233
3220,7.9,48,249
662,9.1,48,111
15434,5.9,26,077
336,3.6,26,119
516,4.1,26,141
1346,5.3,26,051
2045,4.7,26,107
3517,5.3,26,103
2892,6.0,26,123
1391,6.0,26,133
1483,6.1,26,137
8241,6.1,26,025
994,3.9,26,031
314,5.0,26,095
44048,6.8,26,081
11630,6.1,26,145
3969,5.8,26,155
5917,5.7,26,017
1417,5.4,26,029
1931,5.4,26,041
1522,4.6,26,047
697,5.6,27,071
2280,6.9,27,097
918,6.5,27,113
2539,6.9,27,147
378,6.0,27,167
849,5.4,27,001
840,6.1,27,043
525,6.3,27,101
2965,6.9,27,067
549,5.2,27,075
655,7.0,27,133
1079,7.0,27,135
190,5.7,27,155
2572,7.6,27,005
77623,6.2,27,053
1502,6.0,27,015
751,6.3,27,023
573,6.5,27,029
2853,6.2,27,049
2603,6.6,27,059
535,5.4,27,063
3011,7.6,27,099
1609,5.5,27,115
10738,6.9,27,109
992,7.3,27,159
2802,7.0,27,009
2016,6.6,27,047
2825,6.3,27,061
686,6.2,27,121
540,5.5,27,149
561,6.0,27,151
812,7.2,27,033
11433,7.9,27,139
1214,5.6,27,157
651,7.1,27,117
414,6.3,27,107
2177,6.4,27,103
59899,7.8,48,157
169,10.4,48,235
1264,5.9,48,489
802,6.3,48,115
1058,5.9,48,051
25096,6.9,48,355
566,4.8,48,379
251,7.4,48,385
152,12.3,48,431
397,6.6,48,065
1367,6.9,48,161
211,5.3,48,197
67,4.6,48,045
5648,6.7,48,291
4,4.1,48,301
1109,6.5,48,395
3594,6.7,48,401
924,6.3,48,455
958,4.3,48,019
427,5.9,48,075
8295,5.9,48,091
1415,6.2,48,225
3220,6.6,48,349
1042,6.1,48,415
59,4.0,48,433
5485,6.5,48,021
1741,5.3,48,025
361,7.5,48,103
2720,4.6,50,021
1468,5.1,50,017
2713,4.9,50,027
57483,9.5,49,049
1928,9.6,49,013
3886,10.8,49,047
32320,9.3,49,011
936,9.3,49,015
318,6.4,49,017
2266,6.2,51,093
736,9.0,51,620
162,2.2,51,678
2841,5.5,51,089
1249,7.5,51,101
2319,6.4,51,109
901,3.9,51,147
4724,5.9,51,165
1968,5.1,21,035
1005,6.3,21,045
5463,7.6,21,047
6565,6.5,21,059
1645,6.3,21,085
2903,6.3,21,101
967,6.1,21,103
2950,6.5,21,107
761,5.7,21,109
3583,5.9,21,125
1896,6.1,21,157
2202,7.8,21,163
1928,6.9,21,173
484,6.8,21,181
4405,6.7,21,185
2218,5.9,27,041
372,6.3,27,051
259,6.0,27,069
1797,6.4,27,079
7479,5.8,21,227
959,8.9,21,187
1081,6.4,21,203
4031,7.4,21,209
1343,6.4,21,003
1285,6.4,21,017
4537,5.7,21,029
471,5.2,21,055
352,5.7,21,075
809,5.3,21,119
307,4.8,21,165
1326,4.3,21,177
1298,4.9,21,193
399,5.5,21,237
1255,6.2,21,051
1574,5.9,21,013
453,6.8,21,057
2426,6.5,21,083
365,5.3,21,129
802,6.3,21,031
501,4.1,21,061
1124,6.0,21,097
559,6.7,21,023
3062,6.7,21,179
1083,5.3,21,231
1290,6.7,21,155
889,6.2,21,221
9330,7.1,21,015
3670,6.9,21,113
1986,6.3,21,121
943,4.2,21,133
489,5.3,21,139
3247,5.5,21,195
2874,6.1,21,211
1577,7.0,21,005
976,4.8,21,027
2712,5.4,21,073
1017,5.8,21,147
5464,6.0,21,151
504,5.0,21,169
192,4.3,21,189
1399,7.7,21,213
2007,5.6,21,049
887,7.2,21,219
852,8.0,21,041
550,5.4,21,053
555,6.4,21,077
1377,6.8,22,083
630,6.4,27,173
545,9.9,27,087
3099,5.6,27,025
1024,6.7,27,127
1586,6.5,27,153
3566,7.7,27,007
3831,5.7,27,013
1163,6.2,27,055
390,5.8,27,073
160,4.2,27,077
3688,6.3,27,111
1195,6.4,27,161
9893,5.0,27,137
22561,6.4,27,003
10089,6.4,27,145
28266,6.7,27,037
1795,7.0,27,083
602,6.4,27,089
926,6.3,27,129
17827,7.0,27,163
188,3.5,27,031
245,6.2,29,103
701,6.1,29,139
1785,6.1,29,207
1397,5.4,29,007
16550,5.7,29,077
376,4.0,29,185
354,7.8,29,197
2024,4.5,29,029
15061,6.7,29,099
1202,6.8,29,143
596,5.8,29,173
712,6.1,30,017
16,1.0,30,075
1018,9.1,30,085
162,6.9,30,051
720,6.4,30,083
292,6.0,30,101
81,4.7,30,019
68,3.5,30,045
343,3.8,30,023
173,9.7,30,055
611,6.7,30,087
572,6.3,30,021
261,4.4,30,007
292,7.2,30,071
27,5.7,31,009
92,5.0,31,049
46,5.0,31,113
346,6.8,31,169
2174,6.9,31,001
374,7.1,31,011
3658,6.8,22,099
3617,7.3,22,115
697,4.9,22,127
27759,6.3,22,033
1673,7.0,22,085
1547,6.0,22,003
741,6.6,22,065
2029,6.5,22,053
1317,6.2,22,093
1348,6.0,22,043
669,4.3,22,125
26372,6.1,22,051
1364,6.4,01,099
1933,5.8,01,079
9449,5.9,01,081
1623,5.4,01,093
1051,5.2,01,107
752,5.9,01,119
41971,6.4,01,073
628,4.9,01,023
1921,6.1,01,059
1431,7.4,01,091
4361,7.5,01,113
1454,5.6,01,019
2426,6.5,01,039
852,6.2,01,041
2898,7.4,01,047
5013,5.4,01,077
587,5.8,01,085
981,5.2,01,087
5670,6.0,01,083
13887,6.5,01,117
1098,4.6,01,133
12058,5.7,01,003
4929,6.1,01,051
3153,6.1,01,071
4943,6.1,01,121
845,5.1,01,129
677,5.1,01,027
8148,6.8,01,103
1986,6.0,01,109
3294,6.0,01,033
3313,6.7,01,045
899,6.1,01,065
4732,6.6,01,049
2183,5.9,01,053
1374,6.1,01,111
26110,6.3,01,097
181,1.9,01,105
1116,7.5,01,029
796,6.4,01,035
1622,6.4,01,005
1219,5.4,01,007
6619,5.8,01,015
1320,5.5,01,025
902,5.5,01,057
47,3.3,31,149
161,5.3,31,163
271,3.9,22,023
1991,5.4,22,011
727,5.4,22,013
8998,7.1,22,015
934,4.8,22,037
3136,7.3,22,095
1618,6.9,22,075
11492,7.4,22,073
3343,7.2,22,117
5813,7.0,22,097
4696,7.5,22,001
3061,6.0,22,101
15816,6.2,22,103
1369,6.1,22,111
15596,6.3,22,017
9956,8.1,22,005
16422,6.8,22,055
5159,7.2,22,045
2481,5.3,22,061
672,6.5,22,091
2235,5.7,22,119
1976,7.2,22,031
1763,5.4,22,047
9922,7.1,22,063
2029,7.9,22,067
22531,5.8,22,071
7527,6.7,22,109
14464,7.2,22,019
906,5.7,22,027
2064,5.1,22,009
916,5.8,22,049
1402,6.4,22,077
3735,7.1,22,089
6225,6.3,22,057
232,5.1,22,107
861,5.8,22,059
1831,5.4,23,015
2026,5.1,23,027
781,4.6,23,021
3268,4.8,23,003
1548,4.9,23,029
1951,4.9,23,013
1985,5.6,23,023
5972,4.9,23,011
1428,4.8,23,007
2731,5.0,23,009
34991,5.7,24,510
1311,5.1,24,039
15504,6.1,24,025
3376,4.7,24,001
85,4.4,31,015
428,6.7,31,093
68,3.4,31,073
14846,8.2,31,153
294,5.3,31,059
21,3.0,31,091
1183,6.9,31,159
219,6.2,31,181
531,6.6,31,023
48,11.2,31,005
1265,5.9,31,067
479,7.3,31,099
2229,6.4,31,119
677,7.4,31,137
516,5.5,31,179
514,6.1,31,107
469,6.0,31,121
157,5.9,31,133
47,6.0,31,183
550,9.7,32,015
73,7.5,32,009
220,4.9,32,021
215,4.2,32,017
27354,6.0,32,031
3210,5.9,32,510
8247,5.5,33,013
2702,4.4,33,001
6612,5.1,33,017
37107,6.0,34,025
7387,5.2,34,037
51386,6.5,34,013
18390,6.3,34,015
32233,6.4,34,031
55109,5.9,34,003
5742,5.4,34,041
25917,5.8,34,005
1600,6.6,35,029
1777,5.4,35,055
743,6.1,35,007
17,3.9,35,021
653,7.8,35,037
686,6.4,28,103
1867,6.6,28,137
2335,6.8,28,107
768,6.2,28,161
1018,6.3,19,095
714,6.8,19,189
822,7.1,19,165
825,6.6,19,007
785,5.1,19,145
1001,4.9,19,191
6224,6.7,19,155
2864,7.2,19,127
1676,6.4,19,015
1505,7.5,19,021
704,7.6,19,089
604,5.7,19,077
618,6.5,19,091
1176,7.3,19,121
4079,4.7,72,061
1667,5.4,72,053
1274,4.9,72,007
1933,4.8,72,065
1109,5.1,72,133
3800,5.1,72,097
2690,5.4,72,119
1343,5.0,72,011
1580,6.5,72,033
637,3.9,72,055
1714,6.6,72,087
1894,5.1,72,085
2657,5.1,72,145
443,6.5,05,073
1075,5.8,05,107
1194,5.6,05,149
845,7.8,05,011
1177,5.9,05,113
1301,5.5,05,103
680,5.5,05,081
3036,7.0,05,091
4716,6.0,05,145
3722,5.8,06,033
6312,8.3,06,115
1132,3.7,06,035
27730,5.5,06,097
13357,7.4,06,025
95280,5.8,06,001
7511,5.4,06,055
151,5.0,06,091
12498,5.8,06,113
4904,4.9,06,057
5532,6.3,06,045
596485,5.9,06,037
117494,6.1,06,085
2894,6.7,06,093
1489,5.4,06,015
747,3.8,08,015
4932,8.4,08,045
31749,5.5,08,059
621,9.7,08,103
546,6.7,08,021
38494,7.6,08,001
3289,6.0,08,037
985,7.5,08,081
156,7.7,08,017
15031,6.6,01,101
6208,6.5,01,095
3590,6.2,01,009
887,5.2,01,067
21809,6.0,01,089
3814,6.9,01,001
2698,6.7,01,123
1716,6.5,01,061
479,4.5,01,131
378,6.6,02,016
46,5.3,02,060
1174,8.7,02,150
791,10.3,02,188
1487,6.8,47,151
2706,5.1,47,107
2211,6.7,47,117
2126,6.5,47,143
4478,5.9,47,001
1142,6.3,47,049
3392,6.9,47,053
1286,5.1,47,069
2888,5.5,47,105
21632,6.8,47,149
1214,6.1,47,159
9317,6.8,47,189
867,4.9,47,171
937,4.8,35,027
5122,7.9,35,005
6081,8.7,35,025
7589,5.1,35,049
384,9.3,35,059
419,3.8,35,051
1227,7.3,35,053
1360,7.2,35,041
15219,7.0,35,013
1125,6.0,35,028
2503,6.4,35,039
1305,4.7,35,047
4978,6.5,35,061
877,5.7,35,057
40503,6.0,35,001
4537,6.9,35,035
1793,6.7,35,006
132,6.5,35,011
236,5.4,35,019
106,3.0,35,003
97497,6.8,36,005
27175,5.9,36,067
3911,4.9,36,019
1747,5.1,36,099
4731,4.8,36,079
3543,5.7,36,043
6043,5.5,36,069
5806,6.0,36,101
167,3.7,36,041
6754,5.3,36,013
159422,6.2,36,047
2582,5.3,36,107
2187,5.3,36,073
13172,5.8,36,091
2846,4.7,36,021
1555,5.9,36,049
57237,5.9,36,119
2065,4.6,36,025
3181,6.5,36,057
28890,6.1,36,085
6018,5.5,36,089
4051,3.9,36,109
3139,4.9,36,113
2674,5.6,36,023
14166,4.8,36,027
341,4.0,56,031
1618,5.4,56,033
673,5.7,56,003
506,6.8,56,011
1447,5.0,56,029
1824,4.8,56,001
1110,7.3,56,007
437,3.3,56,015
1890,9.2,56,041
515,6.4,56,043
252,5.5,56,017
2700,6.8,56,013
616,6.2,56,035
590,8.4,56,045
1256,5.5,72,009
2334,6.0,72,077
1285,5.6,72,079
866,4.8,72,001
1552,4.9,72,027
1924,7.4,72,103
1447,5.1,72,105
3891,4.6,72,013
887,5.0,72,015
985,4.2,72,115
2431,5.9,72,057
91,6.9,72,049
2490,5.3,72,063
1093,4.5,72,017
1922,5.4,72,153
2493,4.7,72,005
2476,5.1,72,023
834,4.9,72,109
1417,6.3,72,149
7459,4.9,72,031
2522,5.8,72,035
2592,4.9,72,069
1385,4.5,72,101
3345,5.0,72,139
2015,5.2,72,091
1380,6.8,72,111
714,5.1,72,117
1867,5.9,72,125
1933,5.2,72,131
5049,5.9,36,015
42091,5.7,36,055
13862,6.0,36,065
8775,4.9,36,111
2999,4.7,36,051
2496,4.2,36,077
1932,4.1,36,039
14922,4.9,36,001
2579,5.5,36,003
4673,6.1,36,009
4124,5.8,36,053
9532,6.2,36,093
3370,5.8,36,037
1477,5.9,36,123
1247,5.9,37,079
668,4.5,37,121
528,3.7,37,041
495,4.5,37,005
4557,5.6,37,027
9257,5.9,37,035
5904,6.1,37,045
6264,6.1,37,049
2976,5.7,37,065
3287,5.5,37,077
9823,7.4,37,085
4026,7.5,37,093
6545,5.7,37,089
306,5.9,37,095
10601,6.0,37,097
71671,6.7,37,119
988,5.0,37,131
10662,6.0,37,147
8571,6.1,37,159
2564,5.8,37,181
1183,4.2,37,039
1826,6.9,37,053
16725,7.2,37,179
3890,5.7,37,193
5840,6.2,37,127
1863,5.0,37,003
2019,5.6,37,055
1000,5.0,37,185
5059,6.2,37,195
713,6.2,37,073
483,5.7,37,075
1074,5.0,37,115
488,3.8,37,137
973,4.7,37,149
8851,6.2,37,151
2423,5.3,37,169
737,6.2,37,187
634,5.8,37,043
22960,6.9,37,051
31530,6.0,37,081
1863,4.3,37,099
2498,6.3,37,139
9497,7.2,37,155
963,6.8,37,173
72166,6.8,37,183
1357,5.4,37,007
3101,6.9,37,111
3665,5.5,37,069
451,4.7,37,103
1468,4.2,37,113
5869,4.5,37,019
1635,4.8,37,175
2415,5.1,37,013
3342,6.0,37,047
4953,6.0,37,109
1420,5.2,37,123
8055,5.6,37,135
2669,5.9,37,153
4202,6.6,37,163
4356,6.1,37,171
677,3.9,37,011
12886,5.0,37,021
13513,6.5,37,025
1091,4.8,37,033
2566,6.1,37,059
10190,6.2,37,057
4229,7.2,37,061
18702,6.0,37,063
1018,4.2,37,091
3915,6.5,37,105
11691,5.1,37,129
3647,6.0,37,141
7598,6.1,37,191
2369,6.8,37,165
2100,3.8,37,189
2893,5.7,37,083
9629,5.9,37,001
191,4.7,37,177
2324,7.5,38,089
358,9.0,38,103
150,6.9,38,013
816,7.9,38,061
2753,7.8,38,105
50,5.4,38,007
144,5.8,38,043
178,4.7,38,019
137,5.8,38,037
437,7.4,38,049
69,4.0,38,091
620,9.0,38,005
255,6.2,38,045
2063,6.7,38,059
262,6.0,38,025
101,3.9,38,051
148,5.1,38,063
1368,9.4,38,079
749,7.0,38,099
352,5.4,38,009
541,5.1,38,003
4049,5.8,38,035
1350,10.1,38,053
636,6.6,38,055
284,6.9,38,069
179,7.3,38,075
289,9.2,38,011
6304,6.7,38,015
109,5.8,38,047
111,6.0,38,065
1257,6.0,38,093
965,8.3,38,071
150,4.6,38,031
106,4.4,38,039
68,4.8,38,083
53,7.1,38,087
3850,6.8,39,159
1849,6.6,39,131
1333,7.1,39,125
51767,6.4,39,061
84191,6.5,39,049
3695,5.7,39,101
5591,6.1,39,157
7671,6.6,39,169
2344,5.4,39,015
23711,6.2,39,017
882,5.8,39,067
4058,6.6,39,083
10790,6.2,39,089
6724,5.6,39,139
646,4.9,39,163
1518,5.6,39,019
4690,6.2,39,063
13430,6.6,39,025
10192,6.6,39,045
2258,5.9,39,039
2717,6.3,39,071
1865,6.9,39,069
3207,4.8,39,081
8427,5.2,39,133
2573,7.6,39,137
3312,4.9,39,013
2804,6.7,39,027
1770,6.2,39,047
2238,6.2,39,127
3287,5.7,39,129
2666,6.0,39,097
5372,6.2,39,119
3593,6.1,39,143
1862,6.6,39,161
2831,4.7,39,167
3122,6.8,39,011
3501,6.8,39,037
1988,4.9,39,123
2126,6.8,39,065
2247,6.9,39,079
3778,6.5,39,077
2457,3.7,39,009
1861,6.7,39,001
10693,6.0,39,103
27628,6.4,39,095
860,6.0,39,121
9184,5.2,72,021
2693,5.9,72,029
800,4.2,72,045
2840,6.2,72,075
513,6.1,72,083
1992,5.9,72,047
513,4.8,72,095
7612,5.4,72,113
4008,5.5,72,135
4232,5.4,72,137
578,6.7,72,147
1963,5.9,72,151
2069,5.5,72,003
6753,5.2,72,025
2243,5.7,72,041
2065,5.3,72,043
2193,6.0,72,051
1025,5.6,72,089
1816,6.4,72,019
1072,5.1,72,107
2286,6.1,72,129
502,4.4,72,037
931,5.6,72,039
2251,5.4,72,071
857,5.9,72,073
1236,4.8,72,081
16880,5.0,72,127
2063,5.6,72,143
299,4.9,72,093
15270,7.6,39,041
3278,5.9,39,147
21260,5.7,39,151
2427,6.6,39,031
5581,5.9,39,055
1652,5.8,39,073
12715,5.5,39,085
4632,6.0,39,141
68572,5.5,39,035
3811,8.7,39,075
6606,6.3,39,109
854,6.1,39,111
11262,5.6,39,155
7627,5.9,39,173
3444,6.4,39,005
424,8.6,40,043
328,8.7,40,059
2907,6.2,40,083
45147,7.0,40,143
3494,6.7,40,147
266,9.8,40,057
774,6.1,40,061
2469,6.4,40,111
2865,6.1,40,113
406,6.6,40,067
4041,6.5,40,047
1861,6.7,40,049
2884,6.5,40,121
2426,6.3,40,123
262,7.1,40,129
1639,7.9,40,153
3008,6.2,40,021
2398,5.7,40,041
266,6.6,40,045
3449,6.3,40,051
4454,5.4,40,119
4820,6.7,40,125
4512,6.3,40,037
519,7.0,40,141
800,7.1,40,149
327,5.6,40,033
626,7.0,40,075
3348,6.7,40,079
2286,6.9,40,089
649,8.4,40,093
2868,7.0,40,097
55616,7.1,40,109
2367,8.1,40,039
664,6.6,40,085
1343,6.0,40,009
926,6.3,40,023
1806,7.2,40,065
2483,7.1,40,081
1019,6.2,40,117
1597,6.4,40,133
158,7.3,40,025
612,6.4,40,011
343,6.1,40,029
326,7.4,40,053
1214,7.7,40,073
730,7.1,40,105
3121,8.0,40,087
1003,6.1,40,095
828,7.3,40,103
5758,6.3,40,131
2491,6.0,40,135
297,5.1,40,003
529,5.8,40,151
17039,6.1,40,027
840,7.0,40,107
886,6.4,40,005
1642,6.2,41,061
23052,6.8,41,047
5638,5.2,41,019
1555,6.6,41,031
5298,6.4,41,053
10979,5.9,41,017
8061,6.4,41,043
6670,6.4,41,071
995,6.2,41,001
4202,6.3,41,035
2494,5.1,41,041
3667,4.0,41,003
1303,5.7,41,013
88,5.4,41,055
493,6.8,41,025
2198,7.2,41,045
371,5.3,41,063
58,4.1,41,069
766,6.8,41,049
2975,4.7,41,011
939,4.1,41,015
125,6.7,41,021
1371,5.9,41,027
430,5.5,41,037
43877,5.5,41,051
2469,4.5,42,103
2263,5.6,42,109
2092,5.1,42,115
4825,5.6,42,039
16400,6.0,42,049
876,6.0,42,057
1540,6.3,42,067
7657,5.4,42,107
1572,5.8,42,131
5586,5.5,42,001
3854,5.9,42,005
2133,5.5,42,035
3339,5.2,42,025
6500,4.0,42,027
5222,5.7,42,097
16392,5.4,42,095
2779,5.4,42,121
9157,5.5,42,007
11575,5.5,42,069
2462,5.9,42,083
6735,5.1,42,051
49168,6.0,42,091
4195,5.2,42,033
2123,5.3,42,123
8654,6.2,42,075
6341,5.5,42,081
1044,5.7,42,093
9941,5.3,42,019
1384,4.6,42,047
36023,6.7,42,071
5543,5.0,42,085
989,5.9,42,105
2180,5.3,42,117
3819,4.6,44,005
35216,5.5,44,007
2613,5.4,44,001
10109,6.0,45,003
420,4.7,45,005
1323,4.9,45,037
1900,5.9,45,023
2231,5.9,45,029
1853,5.9,45,067
18280,6.3,45,063
4477,5.8,45,073
15284,7.1,45,015
22595,5.6,45,019
3023,4.9,45,043
1533,5.7,45,069
12371,6.2,45,007
2371,5.2,45,025
4636,6.6,45,047
16707,5.0,45,051
4221,6.5,45,055
5296,6.0,45,075
19864,6.5,45,083
980,6.8,45,009
9771,5.3,45,013
782,5.3,45,017
2336,7.6,45,033
1262,6.2,45,081
24232,5.9,45,079
980,4.3,45,039
1200,6.1,45,049
33483,6.6,45,045
6281,6.8,45,057
11348,7.2,45,035
9621,6.9,45,041
3840,5.7,45,059
281,2.9,45,065
6498,5.2,45,077
1649,6.0,45,087
1847,5.9,45,089
150,5.4,46,003
498,7.0,46,051
342,6.3,46,123
242,8.7,46,137
386,6.0,46,115
394,5.7,46,009
1932,5.6,46,011
429,4.9,46,033
345,5.1,46,047
418,6.9,46,057
298,9.1,46,071
76,5.8,46,069
146,6.3,46,049
447,6.1,46,067
404,7.4,46,129
207,10.2,46,017
360,6.6,46,037
194,6.6,46,043
97,7.4,46,063
119,5.2,46,089
735,7.1,46,109
91,7.0,46,119
4922,8.7,46,083
594,4.7,46,079
1233,4.8,46,081
2115,7.5,46,029
771,7.5,46,019
360,8.7,46,031
352,9.0,46,045
95,6.4,46,021
381,11.1,46,007
123,6.1,46,055
55,6.9,46,075
1999,7.2,46,093
559,6.7,46,125
2670,6.9,46,013
244,7.2,46,061
474,8.5,46,087
209,10.2,46,095
517,7.9,46,101
7239,6.5,46,103
913,5.9,46,127
184,8.3,46,097
1078,4.8,53,003
1969,10.0,53,001
125,5.6,53,023
3593,5.6,53,045
7398,5.9,53,057
2792,6.3,53,065
29860,5.9,53,063
556,5.3,53,043
5655,7.4,53,007
1286,4.1,53,031
15114,5.7,53,035
129876,5.9,53,033
1022,4.7,53,049
602,4.5,53,051
610,3.6,53,055
607,5.2,53,059
2079,4.2,53,075
21174,8.5,53,077
3586,4.8,53,009
6458,6.0,53,015
347,4.6,53,019
4317,5.5,53,041
8621,9.4,53,021
3582,8.5,53,017
3875,4.7,53,029
59494,6.8,53,053
3360,5.6,53,071
12157,5.5,53,073
550,4.7,54,023
1343,5.8,54,027
1064,4.7,54,009
396,4.6,54,017
916,6.6,54,031
3186,5.7,54,049
1230,5.1,54,059
1451,4.9,54,029
1538,4.9,54,051
1596,6.4,54,067
217,3.1,54,093
464,5.3,54,095
731,5.2,54,087
871,5.2,54,091
4422,5.2,54,107
379,4.7,54,021
1675,6.2,54,053
738,5.5,54,063
345,4.6,54,073
5046,5.3,54,011
3465,6.1,54,037
1459,4.4,54,045
326,4.7,54,071
3800,5.6,54,033
2078,4.9,54,069
373,5.1,54,013
763,4.3,54,065
4400,5.8,54,081
3521,6.2,54,079
846,5.1,54,001
1088,5.8,54,047
2284,5.7,54,099
1958,6.8,54,035
3916,6.5,54,055
1423,5.8,54,097
461,5.5,54,101
7759,6.7,54,003
2538,5.8,54,019
220,3.9,55,051
2823,8.2,55,019
6275,7.1,55,109
2091,5.6,55,083
1293,4.7,55,069
2863,5.6,55,135
2682,5.9,55,005
931,5.7,55,113
1178,6.3,55,047
582,4.3,55,099
793,5.2,55,077
2217,5.5,55,075
63847,6.7,55,079
457,7.6,29,205
3120,8.1,29,225
266,5.1,29,005
1088,6.7,29,013
919,4.8,29,015
326,5.3,29,035
436,5.8,29,057
2251,6.1,55,045
12252,6.3,55,101
9864,5.8,55,139
490,5.4,55,041
765,5.4,55,107
2186,5.3,55,115
892,4.7,55,067
12898,6.9,55,087
2205,7.2,55,123
3302,5.8,55,021
1113,5.5,55,061
18548,7.1,55,009
6080,5.9,55,035
1443,4.1,55,085
2490,5.7,55,095
777,5.0,55,129
23189,5.8,55,133
5913,5.7,55,127
945,5.8,55,023
1520,5.7,55,057
4452,7.0,55,111
8593,6.4,55,131
4046,6.3,55,017
30334,5.7,55,025
2347,5.4,55,031
1080,5.3,55,053
1543,6.5,55,049
4710,5.3,55,089
3737,5.3,55,097
10557,6.5,55,105
1438,7.1,55,119
767,3.8,55,001
793,5.3,55,007
3220,7.0,55,081
4401,6.0,55,141
955,6.1,55,003
199,4.6,55,037
4972,5.9,55,055
4346,9.2,56,005
1579,8.2,56,023
5213,6.5,56,025
1046,7.5,56,009
81,3.3,56,027
3613,8.3,56,037
2445,6.0,47,177
6705,5.2,47,179
1729,5.2,47,183
734,4.5,47,005
743,5.0,47,007
2101,5.3,47,013
1057,7.5,47,015
564,6.9,47,083
5636,6.1,47,119
2728,5.6,48,373
338,4.7,48,391
3361,6.1,48,467
2813,6.7,48,055
857,6.7,48,487
384,6.8,48,317
2196,6.2,29,105
762,6.3,29,115
2683,6.7,29,091
3030,5.6,29,101
554,6.3,29,125
2751,6.2,29,161
6860,6.8,29,165
3542,5.3,29,187
15286,5.0,29,510
946,5.4,29,003
2931,6.9,29,023
533,6.1,29,033
549,6.6,29,061
258,5.8,29,087
1808,6.3,29,127
758,5.6,29,151
1002,7.4,29,181
2114,6.1,29,219
1540,6.2,29,221
6607,7.7,29,043
577,4.6,29,063
613,7.2,29,081
2099,6.4,29,107
1320,5.2,29,001
474,9.7,29,199
329,5.3,29,211
495,7.3,29,045
8248,6.9,29,097
483,4.9,29,111
1509,6.6,29,119
1368,7.1,29,157
1889,5.9,29,167
1218,5.3,29,177
1301,7.9,30,041
458,8.0,30,015
1130,5.8,30,053
699,4.3,30,067
27,4.0,30,103
599,8.9,30,005
160,4.4,30,097
430,7.1,30,099
79,6.3,30,079
1091,7.9,30,035
228,7.8,30,025
30,4.1,30,037
2011,5.8,30,093
538,5.7,30,095
544,4.6,30,043
156,4.7,30,039
182,8.5,30,107
429,5.2,30,057
255,7.3,30,091
127,9.5,30,011
1434,10.7,30,003
2090,7.0,30,047
4185,6.2,30,049
387,6.5,30,073
10695,6.7,30,111
6025,5.1,30,063
520,4.3,48,387
913,10.6,48,501
2361,7.0,48,189
1746,6.9,48,419
715,7.0,48,399
244,6.4,48,435
7344,6.2,48,451
6428,7.0,48,469
2650,6.4,48,481
8487,6.4,48,485
29,4.7,48,033
512,5.1,48,315
4924,8.5,48,323
8012,6.1,48,181
618,5.1,48,297
1938,6.8,48,363
941,6.1,48,255
1238,6.1,48,123
803,5.8,48,059
1965,6.5,48,067
9111,7.4,48,183
774,5.5,48,313
19724,6.5,48,303
9515,7.7,48,257
2512,5.7,48,259
391,6.7,48,153
550,7.7,48,017
3314,8.0,48,071
26804,7.7,48,027
35303,8.4,48,061
1596,8.5,48,117
61067,7.3,48,141
393,5.3,48,283
62,6.9,48,443
1175,5.5,48,457
476,8.9,48,483
495,5.7,48,009
466,5.0,48,043
75095,8.8,48,215
15574,6.8,48,423
283,8.1,48,105
325,5.7,48,207
2141,5.9,48,227
279,5.7,48,333
1343,6.9,48,337
1272,5.5,48,365
457,4.4,48,403
136,4.4,48,421
498,6.7,48,437
6187,6.6,48,231
1038,8.1,48,063
373,6.8,48,195
11862,7.5,48,187
577,5.5,48,077
264,4.7,48,205
427,11.3,48,383
2352,6.6,48,217
1410,6.0,48,293
4326,6.6,48,347
758,7.8,48,369
9144,6.8,48,367
537,4.8,30,027
2150,5.1,30,081
353,4.7,30,105
5066,6.2,30,013
60,5.8,30,033
218,5.1,30,061
10,2.2,30,069
256,3.7,30,077
575,4.9,30,089
63,5.6,30,109
6002,5.6,30,031
79,4.2,30,059
525,5.0,30,009
470,5.0,30,001
5966,6.0,30,029
275,5.8,30,065
231,6.8,31,083
906,6.6,31,185
3282,6.7,31,019
807,7.5,31,037
177,6.3,31,087
2275,6.9,31,141
313,6.0,31,143
880,8.0,31,013
207,6.9,31,017
318,6.1,31,161
19710,6.3,31,109
234,5.5,31,129
43,6.0,31,007
153,5.8,31,063
40220,7.2,31,055
505,6.3,31,147
622,6.1,31,089
292,6.2,31,065
1028,7.2,31,151
696,9.7,31,173
1382,6.8,31,177
326,5.6,31,031
2495,6.8,31,053
47,2.5,31,069
363,7.6,31,123
422,6.1,31,127
50,7.8,31,171
1414,7.0,31,043
413,6.5,31,003
227,6.0,31,029
446,7.2,31,035
718,6.6,31,041
160,5.4,31,061
508,5.5,31,081
496,6.9,31,095
533,6.6,31,101
22,3.6,31,115
201,6.9,31,135
1568,7.4,31,155
2585,7.2,31,157
29,3.8,31,103
211,5.8,31,105
2352,6.7,31,111
14148,8.8,48,135
578,8.3,48,377
3338,6.8,48,465
187,8.4,48,109
261,4.3,48,169
46,3.0,48,173
1781,6.4,48,185
70810,7.3,48,085
6392,7.3,48,005
124,7.6,48,101
13743,6.4,48,209
27518,7.6,48,039
166,5.0,48,129
3474,7.0,48,013
1055,7.1,48,353
446,10.1,48,229
863,7.4,48,475
4582,6.9,48,203
103,4.9,48,327
1493,5.9,48,149
39524,7.2,48,491
1602,7.5,48,233
764,6.2,48,343
5762,6.9,48,361
693,8.8,48,495
344290,7.4,48,201
2419,5.2,48,053
1252,4.7,48,171
191985,7.4,48,113
55,7.1,48,311
1236,6.9,48,503
11877,7.1,48,251
2407,6.6,48,223
775,7.6,48,357
293,7.9,48,275
16659,6.6,48,309
146,4.5,48,095
121,6.3,48,137
1070,5.9,48,133
66,2.9,48,243
367,7.0,48,247
43254,7.6,48,339
886,8.5,48,127
23926,8.7,48,479
95,4.8,48,011
777,10.1,48,069
2299,7.4,48,273
2540,6.3,48,097
377,6.5,48,107
205,5.3,48,151
629,5.6,48,131
619,5.4,48,031
2426,6.8,48,241
17565,6.9,48,245
102,2.8,48,271
123,5.9,48,359
1022,7.8,48,279
276,8.1,48,295
454,5.6,48,307
288,6.9,48,319
106,4.8,48,125
1880,7.3,31,025
517,7.2,31,139
73,6.0,31,165
479,7.4,31,021
515,5.8,31,039
388,6.8,31,051
133,7.0,31,057
41,5.7,31,075
128,5.4,31,077
4535,7.4,31,079
67,7.5,31,085
998,6.3,31,131
596,5.5,31,145
625,7.4,31,027
395,4.5,31,045
283,5.5,31,097
624,6.5,31,033
1690,7.1,31,047
108,5.4,31,071
15,3.8,31,117
258,7.3,31,125
416,7.0,31,167
266,6.3,31,175
1553,6.4,32,001
2547,5.3,32,005
271,4.1,32,027
91,4.9,32,011
985,5.9,32,013
422,4.4,32,033
4266,8.2,32,007
2110,4.8,32,023
187,4.7,32,029
141071,6.5,32,003
3617,6.7,32,019
3666,4.8,33,005
4130,4.6,33,009
16484,5.4,33,015
2055,4.8,33,019
22701,5.5,33,011
1317,4.1,33,007
2230,4.6,33,003
20898,5.7,34,021
9962,6.6,34,011
18973,5.8,34,035
38656,6.5,34,029
15334,5.8,34,001
50366,6.1,34,023
3946,6.3,34,033
4420,4.7,34,009
31790,6.3,34,007
36710,6.6,34,039
37822,5.6,34,017
6147,4.9,34,019
28069,5.7,34,027
286,6.7,35,023
5758,7.9,35,031
9406,6.6,35,043
1467,5.3,35,017
3616,7.3,35,009
12748,7.3,48,139
915,5.4,48,287
150907,7.4,48,439
3128,5.4,48,001
986,6.7,48,239
2651,5.1,48,265
1392,5.6,48,331
776,5.7,48,093
993,5.7,48,145
528,7.4,48,047
1996,6.7,48,015
15,2.6,48,261
1310,6.2,48,089
4786,7.1,48,409
9250,6.9,48,381
289,4.8,48,411
221,7.4,48,413
1108,9.2,48,507
1450,6.7,48,057
28,2.2,48,155
501,6.6,48,175
440,5.3,48,193
567,6.7,48,335
2818,8.6,48,449
1449,7.2,48,285
1004,8.0,48,445
4372,6.6,48,497
2484,6.8,48,321
1296,8.2,48,371
7085,7.3,48,397
9030,6.6,48,441
49,3.4,48,447
2948,4.1,48,471
2486,5.6,48,499
1229,5.0,48,007
238,8.2,48,079
173,5.2,48,081
4787,6.4,48,099
319,8.0,48,211
2210,10.3,48,341
9543,8.0,48,375
329,4.0,48,405
224,6.8,48,417
5914,9.2,48,427
192,5.2,48,461
2219,5.9,48,049
177,5.8,48,191
695,6.5,48,159
1266,6.4,48,163
885,4.2,48,281
1358,5.0,50,019
400,5.7,50,013
7666,4.7,50,007
1491,5.9,50,015
3482,7.1,50,011
1531,5.1,50,005
2375,5.5,50,025
1850,5.2,50,003
1793,4.9,50,001
301,4.9,50,009
466,5.7,28,009
3991,6.9,35,015
179,3.9,35,033
9461,7.5,35,045
343,4.4,28,037
1707,7.3,28,027
1005,6.1,28,061
5051,7.4,28,067
1007,7.0,28,147
2085,5.8,28,095
2506,7.9,28,115
1417,8.0,28,051
732,5.9,28,005
7711,7.4,28,089
666,4.6,28,013
1588,6.4,28,091
1205,6.2,28,141
1275,6.3,28,153
791,5.8,28,041
2091,5.9,28,093
481,6.7,28,119
3396,6.2,28,109
1500,6.6,28,079
2242,7.6,28,099
9357,6.1,28,121
3151,6.8,28,151
798,6.3,28,077
760,6.3,28,111
1099,6.4,28,017
536,5.3,28,015
1817,7.6,28,039
1443,6.8,28,043
424,5.9,28,063
1378,6.5,28,101
1770,7.0,28,117
372,8.4,28,125
602,7.3,28,019
2592,5.5,28,045
1366,5.8,28,057
60,4.4,28,055
8905,6.3,28,059
2358,8.1,28,083
766,7.7,28,143
389,4.3,28,021
14270,7.0,28,047
5131,6.7,28,075
2332,6.8,28,085
1758,6.5,28,127
1079,5.9,28,159
1125,6.1,28,007
4381,7.1,28,073
6096,7.2,28,081
714,5.0,28,135
1303,8.1,28,129
3034,6.5,28,149
893,5.7,28,023
602,6.0,28,097
2249,4.5,28,105
12728,7.7,49,053
2912,5.0,50,023
1015,7.9,49,027
6273,9.3,49,045
440,5.9,49,025
2767,6.7,49,043
678,7.0,49,019
87,4.7,49,031
204,8.5,49,033
3064,9.7,49,051
485,7.4,49,001
5061,9.4,49,003
4425,8.6,49,021
1847,6.2,49,039
1922,9.0,49,041
19669,7.8,49,057
1357,8.9,49,037
88324,7.8,49,035
40,6.5,49,009
156,5.8,49,055
1556,7.7,49,007
1103,9.5,49,029
10564,8.5,49,005
1209,10.7,49,023
4121,5.5,51,095
1264,4.7,51,167
1594,5.2,51,173
1887,4.0,51,540
3117,5.6,51,031
20352,6.2,51,087
1886,7.2,51,099
530,4.9,51,103
1146,4.8,51,105
227,2.6,51,115
572,5.4,51,119
2049,5.4,51,149
501,5.6,51,159
1014,4.6,51,169
8732,6.6,51,177
907,5.8,51,011
3179,5.7,51,067
424,6.0,51,097
3923,4.0,51,121
1241,5.7,51,127
452,4.6,51,049
728,4.9,51,051
1866,5.4,51,083
32600,8.3,51,107
34774,7.5,51,153
931,5.2,51,175
67,3.0,51,091
1979,6.5,51,033
2084,5.6,51,073
886,5.0,51,141
1268,4.4,51,145
2676,6.2,51,171
4175,6.0,51,061
1229,5.0,51,790
1572,5.9,51,065
1405,7.4,28,031
655,6.7,28,155
2523,6.8,28,003
1180,6.0,28,025
769,9.2,28,053
16101,5.8,42,043
8802,5.7,42,055
2061,4.6,42,119
2209,4.3,42,127
2677,5.5,42,009
8779,5.2,42,089
2178,4.8,42,061
12289,5.9,42,125
93264,5.9,42,101
27182,6.1,42,133
4097,4.8,42,063
14315,5.7,42,041
61448,5.0,42,003
17986,5.1,42,129
130,1.8,42,053
6774,5.5,42,013
4540,5.2,42,073
3687,6.0,42,015
6974,5.2,42,021
32484,6.3,42,029
26437,6.3,42,011
2844,6.1,42,087
254,7.0,29,129
1259,6.9,29,229
16910,7.0,29,047
1176,7.6,29,065
1546,6.7,29,195
123,6.1,29,227
590,5.9,29,079
1249,6.2,29,141
362,5.8,29,179
59176,5.9,29,189
1143,3.6,29,209
2235,6.3,29,009
9722,5.5,29,019
4703,6.1,29,051
1518,6.3,29,055
484,4.8,29,093
913,6.0,29,117
1058,6.6,29,135
1125,6.8,29,155
2701,6.4,29,159
591,7.2,29,203
1725,6.9,29,175
1979,6.6,29,069
6501,6.3,29,071
676,6.7,29,089
45742,6.6,29,095
1704,6.8,29,131
315,6.6,29,171
3237,5.9,29,213
5294,6.0,29,021
546,6.0,29,025
318,6.2,51,045
598,3.4,51,750
1882,6.7,51,840
1943,5.9,51,001
756,4.8,51,063
1081,6.4,51,071
674,4.3,51,077
887,5.7,51,135
281,3.8,51,157
248,3.5,51,036
3461,6.8,51,047
1555,5.5,51,053
1427,7.3,51,079
6157,5.8,51,085
467,3.8,51,111
2337,6.5,51,137
365,6.7,51,595
1655,5.7,51,197
16723,7.0,51,550
2568,4.8,51,660
6212,5.8,51,003
4532,5.8,51,019
732,4.3,51,029
2226,5.8,51,195
323,5.8,51,580
6322,6.6,51,740
27474,6.1,51,810
856,5.6,51,005
402,6.2,51,640
1202,6.8,51,193
721,5.9,51,133
1529,4.5,51,155
2622,6.6,51,187
2728,6.6,51,590
1544,5.4,51,630
1507,4.7,51,009
191,4.4,51,017
1877,8.4,51,670
12054,6.7,51,700
5307,6.1,51,069
3871,4.8,51,680
4286,6.3,51,199
743,5.8,51,690
888,6.0,51,125
3339,5.5,51,143
415,6.4,51,530
1044,7.4,51,610
1928,6.1,51,730
694,5.7,51,735
1422,6.0,51,600
1659,7.5,51,820
6322,6.4,51,770
6129,6.8,51,800
13106,5.4,51,710
962,7.4,51,007
22685,6.6,51,041
75019,6.5,51,059
2803,6.7,53,047
2368,5.2,53,037
401,4.3,29,085
7623,7.4,29,037
1358,6.6,29,049
1168,7.0,29,059
4296,7.6,29,113
446,5.2,29,137
3333,5.7,29,145
1252,6.8,29,163
25894,6.6,29,183
5201,6.6,29,031
3816,6.9,47,031
2129,5.3,47,047
446,6.8,47,067
3041,5.4,47,073
692,3.9,47,091
1732,5.1,47,103
1499,6.3,47,111
396,6.2,47,127
4528,6.4,47,147
2345,5.6,47,051
7128,5.5,47,009
2459,6.1,47,021
2656,4.7,47,019
1296,5.6,47,057
1493,5.1,47,055
1667,6.4,47,097
3186,7.3,47,099
5372,5.5,47,113
1570,5.5,47,115
1416,6.4,47,133
215,4.2,47,137
867,5.2,47,181
17958,8.0,47,187
3022,6.3,47,003
3148,4.6,47,059
3282,5.5,47,035
242,4.2,47,175
1628,5.1,47,025
1082,4.4,47,081
1024,5.6,47,085
4030,5.2,47,141
5219,5.4,47,155
726,5.4,47,161
770,4.5,47,023
725,6.2,47,039
574,4.9,47,087
1546,6.0,47,109
2726,5.1,47,145
6630,6.3,47,011
4089,6.4,47,063
1172,6.0,47,173
1299,5.1,47,071
3128,5.9,47,043
840,3.9,47,129
2646,5.7,47,123
1880,5.8,47,079
960,6.7,47,033
327,4.4,47,095
27038,5.9,47,093
15726,8.0,53,005
32696,6.9,53,011